,uid,pid,rate
0,0,2,3
1,1,2,5
2,2,2,5
3,3,2,5
4,4,45,5
5,4,2,5
6,4,35,5
7,4,2,5
8,5,2,3
9,6,88,5
10,7,2,5
11,8,2,5
12,9,2,5
13,9,2,5
14,10,2,5
15,10,2,5
16,10,88,5
17,10,88,5
18,11,2,5
19,11,2,5
20,12,10,4
21,13,2,5
22,13,13,5
23,13,13,5
24,14,2,5
25,15,2,5
26,16,2,5
27,16,93,5
28,16,93,5
29,17,2,5
30,17,2,5
31,18,2,4
32,19,2,5
33,20,2,5
34,21,2,4
35,21,41,4
36,22,41,4
37,22,2,5
38,22,41,4
39,23,2,5
40,24,2,5
41,24,2,5
42,25,2,5
43,25,31,5
44,26,2,5
45,27,2,5
46,28,2,5
47,28,2,5
48,29,2,2
49,29,45,2
50,29,2,1
51,29,45,2
52,30,2,5
53,31,150,5
54,31,267,4
55,32,2,5
56,33,2,5
57,34,2,5
58,34,155,5
59,35,2,5
60,35,2,5
61,36,2,5
62,37,88,5
63,38,160,3
64,39,430,4
65,39,421,4
66,40,53,5
67,40,40,5
68,41,13,5
69,42,2,4
70,42,2,5
71,43,2,5
72,43,2,5
73,44,2,4
74,44,2,5
75,44,41,4
76,45,2,5
77,45,2,5
78,45,2,4
79,46,2,4
80,47,88,5
81,48,150,5
82,49,2,5
83,50,242,5
84,50,2,5
85,50,2,5
86,51,2,5
87,52,2,5
88,53,2,4
89,53,41,5
90,54,2,5
91,54,2,5
92,55,2,5
93,55,2,5
94,56,178,5
95,56,2,5
96,57,73,5
97,58,2,5
98,58,2,5
99,59,2,5
100,59,2,5
101,60,97,5
102,61,0,5
103,62,0,5
104,62,0,5
105,63,0,5
106,63,36,5
107,64,0,5
108,64,0,5
109,65,29,5
110,65,0,5
111,66,0,5
112,66,0,5
113,67,0,5
114,68,0,5
115,69,0,5
116,70,0,5
117,70,0,5
118,71,0,5
119,72,0,5
120,72,0,5
121,73,0,5
122,74,0,5
123,74,8,5
124,74,0,5
125,74,8,5
126,75,0,5
127,76,0,5
128,77,0,5
129,78,0,5
130,78,97,5
131,79,56,5
132,79,0,5
133,80,0,5
134,80,35,5
135,81,0,5
136,82,0,5
137,83,0,5
138,83,141,5
139,84,0,5
140,85,0,5
141,86,0,5
142,86,0,5
143,87,0,5
144,88,0,5
145,88,0,5
146,89,0,5
147,90,0,5
148,91,0,5
149,91,36,5
150,91,147,5
151,91,36,4
152,91,240,4
153,91,254,5
154,92,0,5
155,93,0,5
156,94,0,5
157,95,150,5
158,96,0,5
159,97,0,5
160,98,0,5
161,99,55,5
162,99,180,5
163,99,0,5
164,100,0,5
165,101,26,4
166,101,26,4
167,102,0,5
168,103,62,5
169,103,38,4
170,104,218,3
171,104,0,5
172,105,60,5
173,106,0,5
174,107,0,4
175,108,0,5
176,108,72,5
177,109,248,5
178,109,382,5
179,110,0,5
180,111,23,5
181,111,23,5
182,112,30,4
183,113,1,4
184,113,0,5
185,113,446,5
186,114,0,5
187,115,147,5
188,116,4,5
189,116,0,5
190,117,0,5
191,117,0,5
192,118,36,5
193,118,36,5
194,119,0,5
195,120,0,5
196,121,36,5
197,121,0,5
198,122,414,5
199,122,0,5
200,123,36,5
201,123,0,5
202,123,1,5
203,124,287,5
204,125,0,4
205,126,0,5
206,127,150,5
207,127,1,5
208,127,4,5
209,128,151,5
210,128,1,5
211,129,1,5
212,130,1,5
213,131,1,5
214,132,1,5
215,132,71,5
216,133,1,5
217,134,1,4
218,135,1,5
219,135,1,4
220,135,1,5
221,136,1,5
222,136,1,5
223,137,1,4
224,138,1,4
225,139,1,5
226,139,1,5
227,140,1,5
228,141,1,5
229,142,1,5
230,143,1,5
231,143,4,5
232,144,1,5
233,145,1,5
234,146,1,5
235,147,1,5
236,148,1,5
237,148,247,5
238,148,1,5
239,149,1,5
240,150,1,5
241,151,1,5
242,152,1,5
243,153,71,5
244,153,1,5
245,154,125,5
246,155,1,5
247,155,37,5
248,155,1,5
249,155,37,5
250,156,1,5
251,156,36,5
252,157,1,5
253,158,1,4
254,159,1,5
255,160,1,5
256,161,1,5
257,162,1,5
258,163,1,5
259,164,432,4
260,164,421,3
261,165,1,5
262,166,1,5
263,167,1,5
264,168,1,5
265,168,1,5
266,168,1,5
267,169,123,5
268,169,1,5
269,170,72,5
270,171,232,5
271,171,10,5
272,171,10,5
273,171,232,5
274,172,1,5
275,172,233,4
276,173,36,5
277,173,107,5
278,174,30,5
279,175,1,5
280,176,1,5
281,177,1,5
282,178,42,5
283,179,133,5
284,180,1,4
285,181,1,5
286,182,155,5
287,182,122,5
288,183,1,5
289,184,1,5
290,185,181,5
291,185,181,5
292,186,43,5
293,186,1,5
294,187,215,4
295,187,1,5
296,188,1,5
297,189,200,5
298,190,30,5
299,191,175,5
300,192,405,4
301,193,30,5
302,193,30,5
303,194,430,5
304,195,30,4
305,196,30,4
306,196,30,4
307,197,178,5
308,197,167,5
309,197,167,5
310,198,30,5
311,199,30,5
312,200,30,5
313,201,30,5
314,202,30,5
315,202,125,5
316,203,178,5
317,204,30,5
318,205,30,5
319,206,63,5
320,206,30,1
321,207,30,5
322,208,30,5
323,209,37,5
324,209,70,5
325,210,4,5
326,210,151,5
327,211,4,5
328,211,4,5
329,212,128,5
330,212,4,5
331,212,88,5
332,213,4,5
333,214,151,5
334,214,4,5
335,215,4,5
336,215,4,5
337,216,4,5
338,216,4,5
339,216,151,5
340,217,4,5
341,218,4,5
342,218,4,5
343,219,61,5
344,219,256,5
345,220,4,5
346,221,4,3
347,221,4,4
348,221,46,4
349,221,95,3
350,222,97,5
351,222,4,5
352,223,4,5
353,224,34,5
354,225,4,5
355,226,37,5
356,226,4,5
357,226,61,5
358,226,37,5
359,226,105,5
360,226,105,5
361,226,428,4
362,227,4,5
363,228,4,5
364,229,4,5
365,230,4,5
366,231,4,5
367,231,4,5
368,231,4,5
369,231,4,5
370,231,4,5
371,231,4,5
372,232,4,5
373,233,7,5
374,233,4,5
375,234,4,5
376,234,4,5
377,235,4,5
378,236,204,5
379,237,4,5
380,238,4,4
381,239,4,5
382,240,4,5
383,240,4,5
384,241,217,5
385,241,4,5
386,241,4,5
387,242,13,5
388,242,4,5
389,243,4,5
390,243,4,5
391,244,4,5
392,245,4,5
393,246,4,5
394,247,4,5
395,248,4,5
396,249,30,5
397,249,4,5
398,250,4,5
399,251,4,3
400,252,13,5
401,252,342,5
402,252,4,5
403,252,4,5
404,252,145,5
405,253,4,5
406,254,4,5
407,254,4,5
408,255,223,5
409,255,4,5
410,255,4,5
411,256,5,5
412,257,5,5
413,258,5,5
414,259,5,5
415,260,5,5
416,261,5,5
417,262,5,5
418,262,72,5
419,263,5,5
420,263,37,5
421,264,5,5
422,265,5,5
423,265,20,5
424,266,5,5
425,267,5,4
426,268,5,5
427,268,51,5
428,269,5,4
429,270,215,3
430,270,95,5
431,270,5,4
432,270,215,4
433,270,95,5
434,271,150,5
435,272,46,4
436,273,8,5
437,274,36,4
438,274,36,4
439,275,346,5
440,275,346,5
441,276,247,5
442,277,27,5
443,278,421,4
444,279,8,5
445,280,267,5
446,281,293,5
447,281,294,4
448,282,6,5
449,283,6,5
450,284,6,5
451,285,6,5
452,285,71,4
453,285,13,5
454,286,122,3
455,286,63,4
456,286,63,4
457,287,347,5
458,287,347,5
459,288,6,5
460,289,151,5
461,290,132,5
462,291,178,5
463,291,7,5
464,292,58,5
465,293,440,5
466,293,7,5
467,294,7,4
468,295,7,5
469,296,7,5
470,297,7,4
471,298,7,4
472,299,7,5
473,300,7,5
474,301,7,5
475,302,7,4
476,303,7,5
477,304,7,3
478,305,40,5
479,305,79,5
480,306,60,5
481,307,95,5
482,308,27,4
483,309,58,5
484,309,141,5
485,310,112,5
486,311,60,5
487,312,150,5
488,313,247,4
489,313,147,5
490,313,347,5
491,314,287,5
492,315,14,5
493,315,8,5
494,315,421,5
495,316,150,5
496,316,8,5
497,317,8,5
498,318,8,4
499,319,27,5
500,320,8,4
501,321,279,2
502,322,8,4
503,323,73,5
504,323,8,5
505,324,8,5
506,324,56,5
507,324,446,5
508,325,8,5
509,326,8,5
510,327,8,5
511,327,6,5
512,328,6,5
513,329,8,5
514,329,124,5
515,330,80,5
516,330,8,5
517,331,8,4
518,332,8,5
519,332,83,5
520,332,73,5
521,333,8,5
522,334,8,5
523,335,15,5
524,335,8,5
525,335,254,5
526,336,8,5
527,337,8,3
528,337,12,5
529,338,8,5
530,338,112,5
531,338,18,5
532,338,8,5
533,338,124,5
534,339,8,5
535,339,122,5
536,340,8,5
537,341,73,5
538,342,69,5
539,343,421,5
540,344,8,4
541,345,8,5
542,346,8,5
543,347,8,4
544,348,8,5
545,348,27,5
546,349,8,5
547,349,327,5
548,350,8,5
549,350,294,5
550,350,74,5
551,351,8,5
552,351,8,5
553,352,60,5
554,353,454,5
555,353,154,5
556,354,44,5
557,355,8,5
558,356,8,4
559,357,8,5
560,357,8,5
561,358,199,5
562,359,27,5
563,360,8,5
564,361,76,5
565,361,8,5
566,362,8,4
567,363,8,3
568,364,8,5
569,364,8,5
570,365,8,5
571,366,8,5
572,366,8,5
573,366,382,5
574,367,105,5
575,368,29,5
576,368,79,5
577,369,42,5
578,370,36,5
579,371,223,4
580,372,41,5
581,373,118,5
582,374,175,5
583,375,13,5
584,376,62,5
585,377,150,5
586,377,421,5
587,377,13,5
588,378,10,4
589,379,10,5
590,380,10,4
591,380,39,5
592,380,42,5
593,381,10,5
594,381,164,5
595,381,440,5
596,382,88,5
597,382,440,5
598,382,440,5
599,382,88,5
600,383,10,5
601,384,226,5
602,384,10,5
603,385,98,5
604,385,98,5
605,386,97,3
606,386,10,3
607,387,120,4
608,388,440,5
609,389,10,5
610,390,232,5
611,390,10,5
612,390,181,5
613,391,11,5
614,391,11,5
615,392,28,5
616,392,40,5
617,392,20,5
618,393,11,4
619,394,11,5
620,395,181,3
621,396,87,5
622,397,11,5
623,398,38,5
624,398,38,5
625,399,40,5
626,400,60,5
627,401,42,5
628,402,11,4
629,403,201,5
630,404,247,4
631,405,41,5
632,405,12,5
633,405,12,5
634,405,41,5
635,406,12,5
636,407,12,5
637,407,12,5
638,408,12,5
639,408,45,5
640,408,88,5
641,408,2,5
642,408,88,5
643,409,12,5
644,410,12,4
645,411,12,5
646,412,12,5
647,413,12,5
648,414,12,5
649,414,145,5
650,415,12,5
651,415,88,5
652,416,12,5
653,417,12,5
654,417,414,5
655,417,414,5
656,418,12,5
657,418,41,5
658,418,12,5
659,419,12,5
660,420,12,5
661,421,19,5
662,422,12,5
663,422,12,5
664,423,12,5
665,423,12,5
666,424,12,5
667,425,58,5
668,425,12,5
669,425,58,5
670,425,12,5
671,426,12,4
672,426,12,5
673,427,12,5
674,428,12,5
675,429,12,5
676,430,285,5
677,430,119,5
678,430,12,5
679,430,119,5
680,430,285,5
681,431,19,5
682,431,181,5
683,431,12,5
684,431,181,5
685,432,254,5
686,432,254,5
687,432,2,5
688,433,12,3
689,434,12,5
690,435,178,5
691,435,12,5
692,436,294,5
693,436,12,5
694,436,45,5
695,437,430,5
696,438,13,5
697,439,13,5
698,440,13,5
699,441,13,4
700,441,250,5
701,442,430,5
702,443,13,5
703,444,13,5
704,445,13,5
705,446,13,5
706,447,13,5
707,447,13,5
708,448,13,5
709,449,13,4
710,449,13,5
711,450,13,5
712,451,13,5
713,452,13,5
714,452,13,5
715,453,13,4
716,454,13,4
717,454,183,5
718,455,13,5
719,455,45,5
720,455,2,5
721,456,13,5
722,457,13,5
723,457,13,5
724,458,13,5
725,458,13,5
726,459,13,5
727,460,13,5
728,460,116,5
729,461,13,5
730,462,13,5
731,463,13,4
732,464,13,5
733,465,13,5
734,465,13,5
735,466,13,5
736,467,13,5
737,468,13,5
738,468,43,4
739,468,101,1
740,469,13,5
741,469,181,5
742,470,13,5
743,471,13,5
744,471,13,5
745,472,13,5
746,473,13,5
747,473,13,5
748,474,13,5
749,475,13,5
750,476,45,5
751,476,13,5
752,477,13,5
753,477,13,5
754,477,8,5
755,478,13,3
756,479,13,5
757,480,13,5
758,480,41,5
759,481,357,5
760,481,41,5
761,481,13,5
762,482,13,5
763,482,13,5
764,483,13,5
765,484,13,5
766,484,13,5
767,484,88,5
768,485,13,5
769,486,13,5
770,487,13,5
771,488,13,4
772,488,13,4
773,489,13,1
774,490,13,5
775,491,13,5
776,491,56,5
777,492,13,5
778,493,13,5
779,494,14,5
780,494,14,5
781,495,14,5
782,496,14,5
783,496,329,5
784,497,14,5
785,498,14,5
786,498,14,5
787,499,14,5
788,500,14,5
789,500,14,5
790,500,14,5
791,501,14,5
792,502,14,5
793,502,14,5
794,503,14,5
795,503,14,5
796,503,14,5
797,504,14,5
798,504,269,5
799,505,14,4
800,506,14,5
801,506,133,5
802,507,14,5
803,507,321,5
804,508,14,5
805,509,14,5
806,509,14,5
807,510,14,5
808,510,14,5
809,511,81,4
810,511,175,4
811,512,14,3
812,513,14,5
813,513,14,5
814,514,14,5
815,514,14,5
816,514,14,5
817,514,14,5
818,515,14,5
819,516,14,5
820,517,14,5
821,518,14,5
822,519,14,5
823,519,14,5
824,519,14,5
825,519,14,5
826,520,14,5
827,520,14,5
828,520,14,5
829,520,133,5
830,521,14,5
831,522,14,5
832,523,14,5
833,524,14,5
834,525,14,5
835,526,14,5
836,526,14,5
837,527,14,5
838,528,14,5
839,529,14,4
840,529,14,5
841,530,14,5
842,530,14,5
843,531,14,5
844,531,186,5
845,531,116,3
846,531,262,5
847,531,262,5
848,532,14,5
849,533,14,5
850,533,14,5
851,534,14,5
852,535,14,5
853,536,14,5
854,537,14,5
855,538,14,5
856,538,14,5
857,539,14,5
858,540,14,5
859,541,14,5
860,541,269,5
861,542,14,5
862,542,14,5
863,543,14,5
864,543,14,5
865,544,14,5
866,544,133,5
867,545,14,5
868,546,14,5
869,546,14,5
870,547,14,5
871,548,14,5
872,549,14,5
873,550,14,5
874,550,14,5
875,551,14,5
876,551,14,5
877,552,14,5
878,552,14,5
879,553,305,5
880,554,14,5
881,554,14,5
882,555,14,5
883,555,14,5
884,555,14,5
885,555,14,5
886,555,133,5
887,556,14,5
888,556,133,5
889,557,14,5
890,558,15,5
891,558,15,5
892,559,15,5
893,560,15,5
894,561,15,5
895,561,119,5
896,562,15,5
897,563,15,1
898,564,15,5
899,565,15,5
900,565,15,5
901,566,15,5
902,567,15,5
903,568,15,5
904,569,15,5
905,569,15,5
906,569,15,5
907,570,15,5
908,571,15,5
909,572,15,5
910,573,15,5
911,574,15,4
912,574,15,4
913,574,15,5
914,575,15,5
915,576,15,1
916,577,15,5
917,577,15,5
918,578,43,5
919,579,15,5
920,580,15,5
921,580,100,5
922,581,15,5
923,581,43,5
924,582,254,5
925,582,254,5
926,582,15,5
927,582,254,5
928,582,254,5
929,583,15,5
930,584,15,5
931,585,15,5
932,585,31,5
933,586,388,5
934,586,392,5
935,586,15,5
936,586,388,5
937,586,392,5
938,586,15,5
939,586,388,5
940,586,393,5
941,586,388,5
942,586,392,5
943,586,388,5
944,586,392,5
945,587,15,5
946,587,15,5
947,588,15,5
948,589,15,5
949,590,15,5
950,590,15,5
951,591,163,4
952,591,15,5
953,592,15,4
954,593,15,5
955,593,15,5
956,594,15,5
957,595,15,5
958,595,4,4
959,596,15,5
960,597,114,1
961,597,114,5
962,598,16,4
963,599,155,5
964,599,155,5
965,600,16,5
966,601,108,5
967,602,16,5
968,602,16,4
969,603,16,5
970,604,155,5
971,604,155,5
972,605,16,5
973,606,16,5
974,606,16,5
975,606,16,5
976,606,16,5
977,607,16,5
978,608,16,5
979,609,155,5
980,610,16,5
981,611,118,5
982,611,16,5
983,611,71,5
984,611,53,5
985,611,118,5
986,611,16,5
987,611,71,5
988,612,16,4
989,613,131,5
990,614,16,5
991,614,272,5
992,615,16,4
993,616,16,5
994,616,16,5
995,617,16,3
996,618,16,5
997,619,155,5
998,620,155,5
999,621,16,5
1000,622,16,5
1001,623,16,5
1002,624,446,5
1003,625,16,5
1004,626,155,4
1005,626,155,4
1006,627,16,5
1007,627,16,5
1008,627,277,4
1009,628,155,5
1010,629,155,4
1011,630,16,5
1012,630,74,5
1013,631,132,5
1014,632,17,5
1015,633,17,5
1016,633,55,5
1017,633,2,5
1018,634,17,5
1019,635,17,5
1020,636,17,5
1021,637,49,5
1022,637,17,5
1023,638,17,5
1024,639,17,5
1025,640,17,5
1026,641,17,5
1027,642,178,5
1028,642,17,5
1029,643,17,5
1030,644,158,5
1031,645,17,5
1032,646,17,5
1033,647,17,5
1034,648,103,5
1035,649,41,1
1036,649,13,4
1037,650,95,5
1038,650,95,5
1039,651,40,5
1040,652,151,5
1041,652,181,5
1042,653,22,5
1043,654,181,5
1044,654,83,5
1045,655,40,5
1046,656,181,5
1047,657,181,5
1048,658,181,5
1049,658,181,5
1050,659,181,4
1051,660,40,4
1052,661,181,5
1053,661,49,5
1054,662,22,5
1055,663,181,5
1056,664,122,5
1057,664,181,5
1058,664,26,5
1059,665,181,5
1060,666,181,5
1061,667,22,5
1062,668,101,5
1063,668,181,5
1064,668,101,5
1065,668,181,5
1066,669,181,5
1067,670,181,5
1068,671,181,5
1069,671,181,5
1070,671,181,5
1071,671,181,5
1072,672,22,5
1073,673,181,4
1074,674,181,5
1075,674,13,5
1076,675,257,5
1077,676,181,5
1078,677,34,3
1079,677,181,5
1080,677,181,5
1081,677,34,5
1082,678,181,5
1083,678,181,5
1084,679,71,5
1085,680,22,5
1086,681,257,5
1087,681,40,5
1088,682,23,5
1089,683,41,5
1090,683,23,5
1091,684,23,5
1092,685,23,4
1093,686,23,4
1094,687,23,5
1095,688,23,5
1096,689,49,4
1097,690,155,5
1098,691,87,5
1099,692,23,5
1100,692,23,5
1101,693,23,5
1102,694,23,5
1103,695,36,5
1104,695,23,5
1105,695,36,5
1106,696,49,5
1107,696,23,4
1108,697,95,5
1109,697,95,4
1110,698,23,5
1111,698,55,5
1112,699,23,5
1113,700,23,5
1114,701,23,4
1115,701,41,4
1116,701,2,5
1117,701,41,4
1118,702,23,4
1119,703,23,4
1120,704,23,4
1121,705,23,5
1122,706,345,5
1123,707,44,1
1124,708,23,4
1125,709,23,5
1126,710,24,5
1127,711,50,4
1128,711,24,4
1129,712,24,5
1130,713,24,5
1131,713,115,5
1132,713,155,5
1133,714,24,5
1134,714,24,5
1135,715,385,5
1136,715,385,4
1137,715,193,4
1138,716,24,5
1139,717,110,5
1140,718,50,5
1141,718,24,5
1142,719,24,5
1143,720,24,5
1144,721,24,5
1145,722,24,5
1146,723,24,5
1147,724,24,5
1148,724,24,5
1149,725,386,5
1150,725,385,5
1151,726,24,4
1152,727,24,5
1153,727,24,5
1154,728,24,4
1155,729,385,5
1156,730,24,5
1157,731,95,4
1158,732,155,5
1159,732,155,5
1160,733,87,5
1161,733,29,5
1162,734,313,5
1163,734,386,5
1164,735,385,5
1165,735,385,5
1166,736,24,5
1167,737,36,5
1168,737,36,5
1169,738,24,5
1170,739,24,5
1171,739,24,5
1172,740,69,5
1173,740,24,5
1174,741,24,5
1175,742,50,5
1176,742,24,5
1177,743,24,4
1178,744,24,5
1179,744,141,5
1180,745,0,5
1181,746,175,5
1182,747,308,5
1183,748,124,4
1184,749,421,3
1185,750,61,5
1186,750,61,5
1187,751,108,5
1188,752,308,2
1189,753,20,5
1190,754,220,5
1191,755,308,5
1192,756,226,5
1193,757,196,5
1194,757,167,5
1195,757,294,5
1196,758,128,5
1197,759,440,5
1198,760,413,5
1199,760,40,5
1200,760,26,3
1201,761,26,4
1202,762,26,5
1203,763,26,5
1204,764,26,5
1205,764,26,5
1206,765,26,5
1207,765,26,5
1208,766,26,4
1209,767,87,5
1210,767,26,5
1211,767,26,5
1212,768,26,4
1213,769,26,4
1214,770,26,5
1215,771,414,5
1216,772,26,5
1217,772,26,5
1218,773,26,5
1219,773,247,5
1220,774,26,5
1221,775,26,5
1222,776,26,4
1223,776,226,4
1224,777,26,5
1225,778,26,5
1226,779,26,5
1227,780,26,5
1228,781,223,4
1229,782,26,5
1230,783,42,5
1231,784,440,5
1232,785,26,5
1233,786,27,5
1234,787,27,5
1235,788,27,5
1236,789,27,5
1237,790,27,5
1238,791,27,5
1239,792,27,5
1240,793,27,4
1241,794,27,5
1242,795,27,5
1243,796,27,5
1244,797,27,3
1245,798,27,5
1246,798,27,5
1247,798,27,5
1248,798,27,5
1249,799,27,5
1250,800,27,5
1251,801,27,5
1252,801,46,5
1253,802,27,5
1254,803,27,4
1255,804,27,5
1256,804,27,5
1257,805,105,5
1258,805,27,5
1259,806,28,5
1260,807,27,5
1261,807,27,3
1262,807,95,5
1263,808,83,5
1264,808,27,5
1265,808,53,5
1266,808,27,5
1267,809,27,5
1268,810,27,5
1269,810,27,5
1270,811,27,2
1271,811,27,3
1272,812,27,5
1273,813,52,5
1274,813,27,5
1275,814,27,5
1276,814,30,5
1277,815,8,5
1278,815,27,5
1279,816,27,5
1280,817,27,5
1281,818,181,5
1282,818,27,5
1283,819,27,5
1284,819,362,5
1285,820,27,5
1286,821,27,5
1287,822,27,5
1288,822,27,5
1289,823,27,5
1290,824,27,5
1291,824,36,4
1292,824,27,5
1293,825,27,4
1294,826,27,4
1295,827,27,5
1296,828,27,5
1297,828,160,5
1298,829,27,5
1299,830,8,5
1300,830,294,5
1301,831,27,5
1302,832,22,4
1303,833,27,5
1304,833,13,5
1305,834,28,5
1306,834,28,5
1307,834,247,5
1308,835,28,5
1309,835,2,5
1310,836,98,5
1311,836,4,5
1312,837,28,5
1313,838,193,5
1314,839,284,5
1315,839,285,5
1316,840,54,5
1317,841,28,5
1318,841,34,3
1319,842,28,5
1320,842,28,5
1321,843,28,5
1322,844,28,5
1323,845,28,5
1324,846,40,5
1325,846,40,5
1326,847,28,4
1327,847,55,5
1328,848,28,5
1329,849,41,5
1330,850,421,5
1331,850,329,5
1332,851,28,5
1333,852,87,5
1334,853,28,5
1335,854,421,5
1336,855,98,5
1337,856,40,4
1338,857,30,5
1339,858,71,5
1340,859,118,5
1341,859,118,4
1342,860,30,5
1343,861,31,5
1344,862,31,5
1345,862,31,5
1346,863,31,5
1347,864,31,5
1348,865,31,5
1349,866,31,5
1350,867,31,5
1351,867,31,5
1352,868,31,4
1353,868,31,5
1354,869,31,5
1355,870,347,4
1356,870,31,5
1357,870,31,5
1358,871,150,5
1359,872,41,4
1360,873,34,5
1361,874,65,5
1362,874,65,5
1363,875,377,4
1364,876,88,5
1365,877,440,5
1366,878,267,5
1367,879,31,5
1368,880,31,5
1369,881,13,5
1370,882,31,5
1371,882,239,5
1372,883,31,4
1373,884,43,4
1374,884,13,3
1375,884,342,2
1376,885,31,5
1377,886,31,5
1378,886,2,5
1379,887,2,5
1380,888,32,4
1381,888,164,3
1382,889,32,5
1383,890,32,5
1384,891,206,5
1385,891,32,5
1386,891,20,5
1387,892,32,5
1388,892,20,5
1389,893,32,5
1390,894,32,5
1391,894,178,5
1392,894,123,5
1393,894,123,5
1394,895,33,5
1395,896,33,5
1396,896,40,5
1397,897,41,3
1398,898,33,5
1399,899,33,5
1400,900,33,5
1401,901,26,5
1402,902,33,5
1403,902,33,5
1404,902,55,5
1405,902,33,5
1406,902,33,5
1407,902,33,5
1408,903,33,3
1409,904,53,5
1410,905,62,5
1411,906,267,5
1412,906,91,4
1413,906,321,5
1414,907,33,5
1415,907,33,5
1416,907,33,5
1417,907,31,4
1418,908,33,5
1419,909,33,5
1420,909,33,5
1421,910,33,5
1422,911,33,5
1423,912,150,5
1424,913,41,4
1425,914,95,5
1426,915,329,5
1427,915,87,4
1428,916,22,5
1429,917,150,5
1430,918,34,4
1431,919,34,5
1432,920,34,5
1433,921,34,5
1434,922,34,5
1435,923,34,5
1436,923,34,5
1437,924,34,5
1438,925,34,5
1439,925,31,5
1440,926,34,5
1441,927,71,5
1442,927,34,5
1443,928,34,5
1444,928,429,5
1445,929,34,5
1446,929,34,5
1447,930,34,5
1448,931,34,5
1449,932,34,5
1450,933,440,5
1451,933,34,5
1452,934,34,5
1453,935,34,5
1454,936,34,5
1455,937,34,5
1456,938,40,5
1457,938,40,5
1458,938,40,5
1459,938,4,5
1460,939,34,5
1461,940,41,5
1462,940,254,5
1463,940,404,5
1464,940,34,5
1465,940,41,5
1466,941,34,5
1467,941,34,4
1468,942,34,5
1469,943,34,5
1470,944,34,5
1471,945,34,3
1472,946,34,5
1473,946,34,5
1474,947,34,5
1475,948,71,5
1476,949,19,5
1477,949,150,5
1478,950,19,5
1479,951,35,5
1480,952,285,5
1481,952,285,5
1482,952,35,5
1483,953,19,5
1484,953,19,5
1485,954,19,5
1486,955,35,5
1487,956,19,5
1488,957,440,5
1489,957,44,5
1490,958,35,5
1491,959,19,5
1492,959,155,5
1493,960,10,5
1494,960,19,5
1495,961,19,5
1496,962,35,5
1497,963,19,5
1498,963,12,5
1499,964,35,5
1500,965,19,5
1501,966,35,5
1502,966,40,5
1503,966,95,5
1504,967,35,5
1505,968,35,5
1506,969,19,5
1507,970,19,5
1508,970,44,5
1509,971,35,4
1510,971,40,5
1511,972,35,5
1512,973,19,5
1513,973,2,5
1514,974,35,5
1515,974,234,5
1516,975,41,4
1517,975,41,4
1518,976,19,5
1519,977,95,5
1520,977,35,5
1521,978,35,5
1522,979,178,5
1523,979,35,5
1524,980,35,5
1525,981,19,5
1526,981,19,5
1527,982,44,5
1528,982,178,5
1529,982,44,5
1530,983,95,5
1531,983,35,4
1532,984,19,5
1533,984,12,5
1534,985,35,5
1535,986,35,5
1536,987,35,5
1537,988,35,5
1538,989,35,5
1539,990,35,5
1540,991,19,4
1541,991,122,5
1542,992,35,4
1543,993,37,5
1544,994,37,5
1545,994,37,5
1546,995,37,5
1547,996,37,5
1548,997,37,5
1549,997,37,5
1550,998,37,5
1551,999,37,5
1552,999,37,5
1553,1000,90,5
1554,1000,37,5
1555,1000,90,5
1556,1000,71,5
1557,1000,71,5
1558,1000,284,5
1559,1001,37,5
1560,1002,37,5
1561,1003,37,5
1562,1004,37,5
1563,1004,68,5
1564,1005,37,5
1565,1005,37,5
1566,1006,37,5
1567,1007,37,3
1568,1007,37,3
1569,1008,37,4
1570,1009,37,5
1571,1009,173,5
1572,1010,37,5
1573,1010,167,5
1574,1010,55,5
1575,1011,37,5
1576,1012,37,5
1577,1012,37,5
1578,1012,37,5
1579,1013,37,5
1580,1014,37,4
1581,1015,37,5
1582,1016,37,5
1583,1017,37,5
1584,1018,37,5
1585,1019,37,5
1586,1019,42,5
1587,1020,37,5
1588,1021,37,5
1589,1022,37,5
1590,1023,60,5
1591,1023,80,5
1592,1024,40,5
1593,1025,80,5
1594,1026,80,5
1595,1027,41,2
1596,1028,80,5
1597,1028,80,5
1598,1029,80,5
1599,1030,80,5
1600,1031,285,5
1601,1031,38,5
1602,1032,38,5
1603,1033,80,1
1604,1034,38,5
1605,1035,80,5
1606,1035,80,5
1607,1036,80,5
1608,1036,80,5
1609,1036,52,4
1610,1037,38,5
1611,1037,38,5
1612,1038,36,5
1613,1038,38,5
1614,1039,80,5
1615,1040,80,5
1616,1041,16,5
1617,1042,80,5
1618,1042,97,5
1619,1042,80,5
1620,1043,38,5
1621,1044,80,5
1622,1045,80,5
1623,1045,80,5
1624,1045,80,5
1625,1046,38,5
1626,1046,38,5
1627,1046,440,5
1628,1047,232,5
1629,1048,80,5
1630,1048,80,5
1631,1049,80,5
1632,1050,80,5
1633,1051,38,5
1634,1052,38,4
1635,1053,80,5
1636,1053,80,5
1637,1054,80,5
1638,1055,39,5
1639,1056,39,5
1640,1056,39,5
1641,1057,39,5
1642,1058,39,5
1643,1059,39,4
1644,1060,39,5
1645,1061,50,5
1646,1062,39,5
1647,1062,39,5
1648,1062,23,5
1649,1063,39,4
1650,1063,39,4
1651,1064,193,5
1652,1065,39,5
1653,1066,39,5
1654,1067,39,3
1655,1068,71,5
1656,1068,39,5
1657,1069,39,4
1658,1069,346,5
1659,1069,386,5
1660,1070,39,4
1661,1071,58,5
1662,1071,58,5
1663,1071,39,5
1664,1072,39,5
1665,1072,85,5
1666,1073,87,5
1667,1073,440,5
1668,1074,95,4
1669,1075,285,5
1670,1076,39,4
1671,1077,39,5
1672,1077,440,5
1673,1078,39,5
1674,1079,39,5
1675,1080,40,5
1676,1081,40,5
1677,1082,40,4
1678,1083,40,5
1679,1083,40,5
1680,1084,83,5
1681,1085,40,5
1682,1086,40,5
1683,1087,40,5
1684,1088,40,5
1685,1089,40,5
1686,1089,90,5
1687,1090,101,3
1688,1090,40,3
1689,1091,40,5
1690,1091,40,5
1691,1092,40,5
1692,1092,40,5
1693,1093,40,5
1694,1093,40,5
1695,1094,40,5
1696,1094,4,5
1697,1094,40,5
1698,1094,4,5
1699,1095,267,5
1700,1095,40,4
1701,1096,40,5
1702,1096,40,5
1703,1096,95,5
1704,1097,40,5
1705,1098,40,4
1706,1098,40,5
1707,1099,40,3
1708,1100,40,5
1709,1101,40,5
1710,1102,40,5
1711,1102,40,5
1712,1103,40,5
1713,1103,118,5
1714,1103,134,5
1715,1103,155,5
1716,1104,40,5
1717,1105,87,5
1718,1105,87,5
1719,1106,40,5
1720,1107,40,5
1721,1108,40,5
1722,1109,40,4
1723,1110,40,5
1724,1111,40,5
1725,1112,40,5
1726,1113,40,5
1727,1114,40,5
1728,1115,40,5
1729,1116,97,5
1730,1117,40,5
1731,1118,40,5
1732,1118,40,5
1733,1119,40,5
1734,1120,40,5
1735,1120,40,5
1736,1121,40,5
1737,1122,40,4
1738,1123,40,5
1739,1123,40,5
1740,1124,40,5
1741,1125,40,5
1742,1126,40,5
1743,1126,28,5
1744,1126,40,5
1745,1127,40,5
1746,1127,203,5
1747,1128,150,4
1748,1128,40,3
1749,1129,41,3
1750,1129,54,4
1751,1129,41,3
1752,1130,41,5
1753,1130,421,5
1754,1131,45,5
1755,1132,45,5
1756,1133,41,5
1757,1134,41,5
1758,1135,41,5
1759,1135,13,5
1760,1136,45,5
1761,1137,41,5
1762,1138,128,5
1763,1139,41,4
1764,1140,41,5
1765,1140,13,5
1766,1141,45,5
1767,1141,421,4
1768,1142,41,5
1769,1142,357,5
1770,1143,41,5
1771,1144,45,5
1772,1145,41,5
1773,1146,45,5
1774,1147,45,4
1775,1148,45,5
1776,1148,45,5
1777,1149,41,5
1778,1150,41,5
1779,1151,41,5
1780,1152,45,3
1781,1152,440,3
1782,1153,41,5
1783,1154,175,5
1784,1154,45,5
1785,1155,45,5
1786,1156,13,5
1787,1156,45,5
1788,1157,45,5
1789,1158,41,5
1790,1159,45,5
1791,1160,13,5
1792,1160,45,5
1793,1161,41,5
1794,1162,13,5
1795,1162,41,5
1796,1162,40,5
1797,1163,45,5
1798,1163,37,5
1799,1164,41,5
1800,1165,45,3
1801,1165,192,3
1802,1166,112,5
1803,1166,88,5
1804,1166,45,5
1805,1167,45,4
1806,1168,58,3
1807,1168,45,5
1808,1168,45,4
1809,1169,41,5
1810,1170,45,5
1811,1171,41,5
1812,1171,390,5
1813,1172,41,5
1814,1173,41,5
1815,1174,41,4
1816,1175,41,5
1817,1176,45,5
1818,1176,45,5
1819,1177,45,5
1820,1177,45,5
1821,1177,36,5
1822,1178,41,5
1823,1178,41,5
1824,1179,41,5
1825,1179,87,5
1826,1180,41,5
1827,1181,41,5
1828,1181,95,5
1829,1182,41,5
1830,1183,42,5
1831,1183,87,5
1832,1184,42,5
1833,1185,42,3
1834,1185,163,3
1835,1186,148,4
1836,1186,42,3
1837,1187,42,5
1838,1188,42,5
1839,1188,42,5
1840,1189,42,5
1841,1189,425,5
1842,1190,42,5
1843,1190,42,5
1844,1191,42,5
1845,1192,107,4
1846,1192,42,5
1847,1193,251,5
1848,1194,42,5
1849,1195,42,5
1850,1196,42,5
1851,1197,42,5
1852,1198,42,5
1853,1198,42,5
1854,1199,42,4
1855,1200,90,5
1856,1201,42,4
1857,1202,42,4
1858,1202,42,5
1859,1203,46,5
1860,1204,42,5
1861,1205,81,4
1862,1206,40,5
1863,1207,43,5
1864,1207,43,5
1865,1208,43,5
1866,1209,43,5
1867,1210,43,5
1868,1211,43,5
1869,1211,43,5
1870,1211,40,5
1871,1211,40,5
1872,1212,43,5
1873,1213,43,5
1874,1213,43,5
1875,1214,43,5
1876,1215,43,5
1877,1215,36,5
1878,1215,36,5
1879,1216,43,4
1880,1216,180,4
1881,1216,43,5
1882,1217,43,5
1883,1218,43,5
1884,1219,43,4
1885,1220,43,5
1886,1221,43,5
1887,1221,181,5
1888,1222,43,5
1889,1223,85,5
1890,1224,43,5
1891,1225,44,5
1892,1226,44,5
1893,1226,88,5
1894,1227,44,5
1895,1227,19,5
1896,1228,44,3
1897,1228,34,3
1898,1229,118,5
1899,1230,44,5
1900,1231,44,5
1901,1232,19,5
1902,1232,44,5
1903,1233,44,5
1904,1233,44,5
1905,1234,44,5
1906,1235,44,5
1907,1235,19,5
1908,1235,44,5
1909,1235,44,5
1910,1235,19,5
1911,1236,19,5
1912,1236,44,5
1913,1236,19,5
1914,1236,44,5
1915,1237,44,5
1916,1238,44,5
1917,1239,44,5
1918,1240,44,3
1919,1240,41,5
1920,1240,44,5
1921,1240,41,5
1922,1241,44,5
1923,1242,44,5
1924,1242,19,5
1925,1243,44,5
1926,1243,19,5
1927,1243,112,5
1928,1244,13,5
1929,1245,45,5
1930,1246,45,5
1931,1247,45,5
1932,1247,95,5
1933,1247,95,5
1934,1247,95,5
1935,1248,45,5
1936,1249,45,5
1937,1250,20,5
1938,1250,45,5
1939,1251,45,5
1940,1251,45,5
1941,1252,45,5
1942,1253,4,4
1943,1253,19,4
1944,1253,19,4
1945,1253,4,5
1946,1253,45,5
1947,1254,45,3
1948,1255,297,5
1949,1256,46,1
1950,1257,167,5
1951,1257,46,5
1952,1258,53,4
1953,1258,46,5
1954,1259,46,5
1955,1260,46,5
1956,1261,297,5
1957,1262,297,5
1958,1263,46,3
1959,1264,46,5
1960,1265,46,5
1961,1266,46,5
1962,1267,297,5
1963,1267,41,5
1964,1268,226,5
1965,1268,46,5
1966,1268,226,5
1967,1268,46,5
1968,1269,46,5
1969,1270,46,5
1970,1270,46,5
1971,1271,46,5
1972,1272,46,5
1973,1273,46,5
1974,1274,98,5
1975,1275,297,5
1976,1276,46,5
1977,1277,46,5
1978,1278,40,4
1979,1279,56,3
1980,1280,430,5
1981,1281,95,5
1982,1281,95,5
1983,1282,268,5
1984,1283,85,4
1985,1284,157,5
1986,1285,267,4
1987,1285,51,2
1988,1286,129,5
1989,1287,178,5
1990,1288,419,5
1991,1289,419,5
1992,1290,48,4
1993,1290,151,5
1994,1290,163,3
1995,1291,48,5
1996,1292,48,5
1997,1293,419,5
1998,1294,48,5
1999,1295,48,5
2000,1296,48,5
2001,1297,419,5
2002,1298,48,5
2003,1299,48,5
2004,1300,48,5
2005,1301,48,5
2006,1301,118,5
2007,1302,419,5
2008,1303,48,5
2009,1304,419,5
2010,1305,48,4
2011,1306,178,5
2012,1306,419,5
2013,1306,4,5
2014,1307,48,5
2015,1308,48,3
2016,1308,4,2
2017,1308,223,5
2018,1308,22,4
2019,1308,26,5
2020,1309,48,5
2021,1310,48,5
2022,1311,50,5
2023,1312,51,5
2024,1313,50,5
2025,1314,24,5
2026,1314,50,5
2027,1314,50,5
2028,1314,24,5
2029,1315,50,5
2030,1315,363,5
2031,1316,73,4
2032,1317,50,5
2033,1318,50,5
2034,1319,188,5
2035,1320,24,5
2036,1320,50,5
2037,1321,386,5
2038,1322,24,5
2039,1322,50,5
2040,1323,389,3
2041,1324,69,5
2042,1324,69,5
2043,1324,202,5
2044,1324,202,5
2045,1325,386,5
2046,1325,376,5
2047,1325,377,5
2048,1326,51,5
2049,1327,51,5
2050,1328,51,5
2051,1328,18,5
2052,1329,51,5
2053,1330,51,5
2054,1331,53,5
2055,1331,51,5
2056,1332,51,5
2057,1332,13,4
2058,1333,51,5
2059,1333,51,4
2060,1334,51,5
2061,1335,51,5
2062,1336,54,5
2063,1337,51,5
2064,1338,12,5
2065,1339,125,5
2066,1339,155,5
2067,1340,51,5
2068,1341,81,5
2069,1342,51,5
2070,1343,51,5
2071,1344,51,1
2072,1345,177,5
2073,1345,51,5
2074,1345,51,5
2075,1346,382,5
2076,1347,51,5
2077,1347,440,5
2078,1347,51,5
2079,1348,51,5
2080,1349,51,5
2081,1350,4,5
2082,1351,52,4
2083,1352,52,5
2084,1352,4,5
2085,1353,52,5
2086,1354,52,5
2087,1354,423,5
2088,1355,52,5
2089,1355,52,5
2090,1356,52,5
2091,1357,52,5
2092,1357,52,5
2093,1358,52,5
2094,1358,52,5
2095,1359,52,5
2096,1360,52,5
2097,1361,118,5
2098,1361,125,5
2099,1362,52,5
2100,1363,30,5
2101,1364,52,5
2102,1365,45,5
2103,1366,52,5
2104,1367,52,5
2105,1368,52,5
2106,1369,371,4
2107,1369,293,4
2108,1369,52,4
2109,1369,371,4
2110,1370,52,5
2111,1370,98,5
2112,1370,98,5
2113,1371,52,4
2114,1371,52,5
2115,1372,8,5
2116,1372,52,5
2117,1373,42,5
2118,1374,52,5
2119,1375,52,3
2120,1376,53,5
2121,1377,53,5
2122,1378,53,5
2123,1378,348,5
2124,1379,53,4
2125,1380,55,2
2126,1381,55,4
2127,1382,55,5
2128,1382,193,4
2129,1382,55,5
2130,1383,55,5
2131,1384,55,5
2132,1384,55,5
2133,1385,55,5
2134,1385,71,5
2135,1386,55,5
2136,1387,55,5
2137,1388,55,5
2138,1389,55,5
2139,1390,55,5
2140,1391,81,5
2141,1392,55,5
2142,1393,55,4
2143,1394,347,5
2144,1394,55,5
2145,1395,459,5
2146,1396,36,5
2147,1397,55,3
2148,1398,55,5
2149,1398,33,5
2150,1398,440,5
2151,1399,55,5
2152,1399,55,5
2153,1400,55,5
2154,1400,55,5
2155,1400,2,5
2156,1401,55,5
2157,1402,55,5
2158,1403,55,5
2159,1403,55,5
2160,1404,55,4
2161,1405,55,5
2162,1405,55,5
2163,1406,55,5
2164,1406,55,5
2165,1407,55,5
2166,1408,55,5
2167,1409,55,5
2168,1410,55,3
2169,1410,55,3
2170,1410,258,4
2171,1411,421,5
2172,1412,40,5
2173,1413,103,4
2174,1413,55,4
2175,1414,55,5
2176,1415,55,5
2177,1415,423,5
2178,1415,254,3
2179,1416,56,5
2180,1417,56,4
2181,1417,56,4
2182,1418,54,5
2183,1418,56,5
2184,1419,56,5
2185,1420,56,5
2186,1420,56,5
2187,1421,56,5
2188,1421,56,5
2189,1422,103,5
2190,1423,56,5
2191,1424,56,5
2192,1425,103,5
2193,1426,56,5
2194,1427,56,5
2195,1428,56,1
2196,1428,4,5
2197,1428,56,1
2198,1429,56,5
2199,1429,56,5
2200,1430,56,5
2201,1431,241,5
2202,1432,56,5
2203,1433,56,5
2204,1433,56,5
2205,1434,56,5
2206,1435,56,5
2207,1435,56,5
2208,1436,56,5
2209,1436,37,5
2210,1436,56,5
2211,1437,56,5
2212,1438,37,5
2213,1438,16,5
2214,1438,56,5
2215,1439,103,5
2216,1439,56,5
2217,1439,56,5
2218,1440,56,4
2219,1440,56,5
2220,1441,56,5
2221,1442,56,5
2222,1443,56,5
2223,1443,56,5
2224,1444,56,5
2225,1444,56,5
2226,1445,241,5
2227,1446,241,5
2228,1447,56,4
2229,1447,145,5
2230,1448,241,5
2231,1448,56,5
2232,1449,56,5
2233,1450,56,5
2234,1451,56,5
2235,1452,56,5
2236,1453,56,3
2237,1454,56,5
2238,1454,103,5
2239,1454,103,5
2240,1455,183,5
2241,1456,255,5
2242,1456,56,5
2243,1457,56,5
2244,1457,56,5
2245,1458,87,4
2246,1458,241,4
2247,1459,103,5
2248,1460,241,5
2249,1461,56,5
2250,1461,56,5
2251,1462,56,5
2252,1463,56,5
2253,1463,56,5
2254,1464,45,4
2255,1464,56,5
2256,1465,56,4
2257,1465,56,3
2258,1466,56,5
2259,1467,56,5
2260,1468,56,4
2261,1468,56,4
2262,1468,8,4
2263,1469,57,5
2264,1470,57,5
2265,1471,144,4
2266,1471,57,5
2267,1472,57,5
2268,1473,57,4
2269,1474,57,5
2270,1475,185,5
2271,1476,57,5
2272,1477,267,5
2273,1478,57,5
2274,1478,57,5
2275,1479,57,5
2276,1480,44,5
2277,1480,44,4
2278,1481,19,5
2279,1481,44,5
2280,1481,19,5
2281,1481,44,5
2282,1482,118,5
2283,1483,57,4
2284,1483,12,4
2285,1484,419,5
2286,1485,44,5
2287,1485,182,5
2288,1486,125,3
2289,1486,58,3
2290,1486,125,3
2291,1486,58,3
2292,1487,58,5
2293,1487,30,4
2294,1488,128,5
2295,1488,58,5
2296,1488,58,5
2297,1488,128,5
2298,1489,58,5
2299,1490,58,5
2300,1490,58,5
2301,1491,58,4
2302,1492,128,2
2303,1492,58,4
2304,1492,58,3
2305,1493,129,5
2306,1493,58,5
2307,1493,129,5
2308,1493,58,5
2309,1494,58,4
2310,1495,58,5
2311,1496,128,5
2312,1496,58,5
2313,1497,58,5
2314,1498,58,5
2315,1499,36,4
2316,1499,58,4
2317,1500,58,5
2318,1500,58,5
2319,1500,58,5
2320,1500,193,5
2321,1501,58,5
2322,1502,58,5
2323,1503,58,5
2324,1504,58,5
2325,1504,254,5
2326,1505,46,5
2327,1506,58,5
2328,1507,58,5
2329,1507,58,5
2330,1507,13,5
2331,1508,128,5
2332,1508,58,5
2333,1508,95,5
2334,1509,58,5
2335,1509,58,5
2336,1510,167,5
2337,1510,58,4
2338,1511,58,4
2339,1511,128,4
2340,1512,58,5
2341,1513,98,5
2342,1513,203,5
2343,1513,59,4
2344,1513,98,5
2345,1514,59,5
2346,1515,59,5
2347,1516,59,5
2348,1516,68,5
2349,1517,59,5
2350,1518,59,5
2351,1519,59,5
2352,1520,59,5
2353,1521,59,5
2354,1522,59,5
2355,1523,59,5
2356,1524,88,5
2357,1524,59,2
2358,1524,88,5
2359,1524,59,2
2360,1525,59,5
2361,1526,59,5
2362,1527,59,5
2363,1528,59,5
2364,1528,68,5
2365,1529,68,5
2366,1529,68,5
2367,1529,59,5
2368,1529,68,5
2369,1530,59,5
2370,1531,59,5
2371,1532,49,5
2372,1533,59,5
2373,1534,125,5
2374,1534,125,5
2375,1535,59,5
2376,1536,59,5
2377,1537,59,4
2378,1537,43,4
2379,1538,59,5
2380,1538,193,5
2381,1539,59,5
2382,1540,59,5
2383,1541,59,5
2384,1542,59,5
2385,1542,68,5
2386,1543,60,5
2387,1543,151,5
2388,1544,60,5
2389,1545,60,5
2390,1546,60,5
2391,1547,60,5
2392,1548,60,5
2393,1549,60,5
2394,1550,60,5
2395,1551,60,5
2396,1552,60,5
2397,1553,60,5
2398,1554,60,5
2399,1555,60,5
2400,1556,60,5
2401,1557,60,5
2402,1558,61,5
2403,1559,61,5
2404,1560,61,5
2405,1560,149,4
2406,1561,61,5
2407,1562,61,5
2408,1563,174,5
2409,1563,61,5
2410,1564,61,5
2411,1564,174,5
2412,1565,61,4
2413,1566,61,5
2414,1567,61,5
2415,1568,61,5
2416,1569,61,5
2417,1570,61,5
2418,1571,61,5
2419,1571,61,5
2420,1572,61,5
2421,1572,61,5
2422,1573,61,4
2423,1574,61,5
2424,1575,61,5
2425,1576,61,4
2426,1577,61,5
2427,1578,61,5
2428,1579,61,5
2429,1579,119,5
2430,1580,61,5
2431,1580,232,5
2432,1581,61,5
2433,1582,61,4
2434,1583,421,5
2435,1583,87,5
2436,1584,61,4
2437,1585,53,5
2438,1585,61,5
2439,1586,61,4
2440,1587,61,5
2441,1588,61,5
2442,1589,61,5
2443,1590,61,5
2444,1591,61,5
2445,1592,61,5
2446,1593,61,5
2447,1594,63,5
2448,1595,63,5
2449,1596,63,4
2450,1597,63,5
2451,1597,63,5
2452,1598,63,4
2453,1599,63,5
2454,1600,164,5
2455,1600,63,5
2456,1601,63,5
2457,1602,371,5
2458,1603,63,5
2459,1604,8,5
2460,1604,63,5
2461,1605,63,5
2462,1606,63,5
2463,1607,63,5
2464,1608,63,5
2465,1609,63,5
2466,1610,58,5
2467,1610,63,5
2468,1611,63,5
2469,1612,63,5
2470,1613,63,5
2471,1614,101,5
2472,1615,125,5
2473,1616,71,5
2474,1617,63,5
2475,1618,63,5
2476,1619,63,5
2477,1620,63,5
2478,1621,63,5
2479,1621,254,5
2480,1622,63,5
2481,1623,63,5
2482,1624,63,5
2483,1624,63,5
2484,1624,63,5
2485,1625,63,5
2486,1626,63,4
2487,1627,63,5
2488,1628,63,5
2489,1629,75,5
2490,1629,440,5
2491,1629,65,5
2492,1630,65,5
2493,1631,65,4
2494,1632,424,5
2495,1632,65,5
2496,1633,95,5
2497,1634,285,5
2498,1634,95,5
2499,1635,124,5
2500,1636,248,5
2501,1636,42,5
2502,1637,248,5
2503,1638,223,5
2504,1638,122,5
2505,1638,130,5
2506,1639,248,5
2507,1639,440,5
2508,1640,345,5
2509,1641,65,5
2510,1642,248,5
2511,1642,254,5
2512,1643,12,4
2513,1644,248,5
2514,1645,65,5
2515,1646,65,5
2516,1647,65,5
2517,1647,440,3
2518,1648,248,3
2519,1648,440,4
2520,1648,440,4
2521,1649,10,5
2522,1649,65,5
2523,1650,248,5
2524,1651,66,4
2525,1651,66,4
2526,1652,421,4
2527,1653,66,4
2528,1653,66,5
2529,1654,67,5
2530,1654,66,5
2531,1654,67,5
2532,1655,66,5
2533,1656,66,5
2534,1656,254,5
2535,1657,72,5
2536,1657,66,5
2537,1658,66,5
2538,1659,207,5
2539,1659,290,5
2540,1659,66,5
2541,1660,66,3
2542,1661,66,5
2543,1662,66,5
2544,1662,289,5
2545,1662,290,5
2546,1662,289,5
2547,1662,290,5
2548,1663,66,4
2549,1663,164,4
2550,1664,66,4
2551,1664,66,2
2552,1665,66,3
2553,1665,1,3
2554,1666,123,5
2555,1667,251,5
2556,1668,66,5
2557,1669,66,5
2558,1669,72,5
2559,1670,66,4
2560,1671,66,4
2561,1671,66,4
2562,1672,66,5
2563,1672,66,5
2564,1673,66,5
2565,1674,66,5
2566,1675,66,5
2567,1676,66,3
2568,1677,66,5
2569,1677,66,5
2570,1678,66,5
2571,1678,72,5
2572,1679,66,5
2573,1679,72,5
2574,1679,66,5
2575,1680,27,4
2576,1680,66,4
2577,1681,66,5
2578,1682,66,5
2579,1683,66,5
2580,1684,66,5
2581,1685,66,5
2582,1686,66,4
2583,1686,193,4
2584,1687,72,5
2585,1687,66,5
2586,1688,66,4
2587,1689,66,4
2588,1690,150,5
2589,1690,66,5
2590,1691,72,5
2591,1691,289,5
2592,1691,66,5
2593,1692,66,5
2594,1693,66,4
2595,1693,66,4
2596,1693,103,3
2597,1694,66,5
2598,1694,66,5
2599,1695,66,5
2600,1695,66,5
2601,1696,67,5
2602,1697,67,5
2603,1698,67,5
2604,1699,67,5
2605,1700,67,5
2606,1701,156,5
2607,1702,67,5
2608,1702,156,5
2609,1703,67,5
2610,1704,67,5
2611,1704,72,5
2612,1705,67,2
2613,1705,257,5
2614,1706,67,5
2615,1707,67,5
2616,1708,67,5
2617,1709,67,3
2618,1709,67,4
2619,1710,97,5
2620,1710,178,5
2621,1711,67,5
2622,1712,67,5
2623,1713,40,3
2624,1714,67,5
2625,1714,67,5
2626,1714,52,5
2627,1715,67,5
2628,1716,67,5
2629,1717,67,5
2630,1718,67,5
2631,1719,67,5
2632,1720,67,4
2633,1721,67,5
2634,1722,67,5
2635,1722,67,5
2636,1723,67,4
2637,1724,156,3
2638,1725,67,5
2639,1726,67,5
2640,1727,122,5
2641,1728,67,5
2642,1729,67,5
2643,1730,67,5
2644,1730,13,5
2645,1731,67,5
2646,1732,156,5
2647,1732,342,5
2648,1733,251,5
2649,1733,67,4
2650,1733,251,5
2651,1733,98,5
2652,1734,67,5
2653,1735,67,4
2654,1736,67,5
2655,1737,67,5
2656,1738,67,5
2657,1739,67,5
2658,1740,67,5
2659,1740,67,4
2660,1741,67,4
2661,1742,67,5
2662,1743,232,5
2663,1743,232,5
2664,1744,67,5
2665,1745,67,5
2666,1746,101,5
2667,1746,68,5
2668,1746,250,5
2669,1746,216,5
2670,1747,68,5
2671,1748,68,5
2672,1748,68,5
2673,1749,414,5
2674,1749,68,4
2675,1750,68,5
2676,1750,2,5
2677,1751,68,5
2678,1752,68,5
2679,1753,68,5
2680,1754,97,5
2681,1754,40,5
2682,1754,68,5
2683,1754,97,5
2684,1755,68,5
2685,1756,68,5
2686,1757,68,4
2687,1758,68,5
2688,1759,68,5
2689,1760,68,5
2690,1761,68,5
2691,1762,68,5
2692,1762,68,5
2693,1762,68,5
2694,1762,68,5
2695,1763,68,5
2696,1763,68,5
2697,1764,68,5
2698,1765,68,5
2699,1766,68,5
2700,1767,68,5
2701,1768,68,5
2702,1769,68,5
2703,1769,68,5
2704,1770,68,5
2705,1771,68,5
2706,1772,69,5
2707,1772,69,5
2708,1772,69,5
2709,1772,36,5
2710,1773,385,5
2711,1773,69,5
2712,1773,24,5
2713,1773,69,5
2714,1773,307,5
2715,1773,202,5
2716,1773,385,5
2717,1773,202,5
2718,1774,69,5
2719,1774,69,5
2720,1775,69,5
2721,1776,69,5
2722,1777,69,5
2723,1778,69,5
2724,1778,93,5
2725,1779,69,5
2726,1780,69,5
2727,1780,24,5
2728,1781,69,5
2729,1782,69,5
2730,1783,128,5
2731,1784,24,5
2732,1784,69,5
2733,1784,95,5
2734,1785,69,5
2735,1785,266,5
2736,1786,42,5
2737,1787,69,5
2738,1788,69,5
2739,1789,69,5
2740,1790,70,4
2741,1791,70,4
2742,1792,70,5
2743,1792,77,5
2744,1793,70,5
2745,1794,70,5
2746,1795,70,5
2747,1796,70,5
2748,1796,147,5
2749,1797,70,5
2750,1798,72,5
2751,1799,72,5
2752,1799,207,5
2753,1800,72,5
2754,1801,72,5
2755,1802,72,4
2756,1803,72,4
2757,1804,72,5
2758,1805,72,5
2759,1806,72,4
2760,1806,72,5
2761,1807,72,5
2762,1808,72,4
2763,1809,72,5
2764,1809,72,5
2765,1810,72,5
2766,1810,72,5
2767,1810,72,5
2768,1811,72,5
2769,1812,72,5
2770,1813,346,5
2771,1814,72,5
2772,1815,55,4
2773,1815,72,4
2774,1816,346,5
2775,1817,72,5
2776,1818,72,5
2777,1819,72,5
2778,1820,72,5
2779,1821,179,5
2780,1822,72,5
2781,1823,72,5
2782,1824,119,5
2783,1824,207,5
2784,1824,72,5
2785,1825,72,3
2786,1826,58,5
2787,1827,72,5
2788,1828,72,5
2789,1829,95,3
2790,1830,8,4
2791,1830,72,5
2792,1831,85,5
2793,1832,195,5
2794,1833,72,5
2795,1834,72,5
2796,1835,73,5
2797,1836,73,5
2798,1836,390,5
2799,1836,440,5
2800,1837,150,5
2801,1837,73,5
2802,1838,73,5
2803,1839,73,4
2804,1840,73,5
2805,1841,73,5
2806,1842,73,5
2807,1842,112,5
2808,1843,73,5
2809,1844,73,5
2810,1845,73,5
2811,1846,73,5
2812,1846,73,5
2813,1847,73,5
2814,1848,73,5
2815,1848,116,5
2816,1849,73,5
2817,1850,73,5
2818,1851,73,5
2819,1852,73,5
2820,1853,8,5
2821,1854,40,5
2822,1855,167,5
2823,1855,78,5
2824,1855,203,5
2825,1855,203,5
2826,1856,74,5
2827,1857,74,5
2828,1858,74,5
2829,1858,370,5
2830,1859,250,5
2831,1859,74,5
2832,1859,250,5
2833,1860,118,5
2834,1860,74,4
2835,1860,118,5
2836,1861,440,5
2837,1861,74,4
2838,1862,74,4
2839,1863,74,5
2840,1864,74,5
2841,1865,16,5
2842,1865,74,5
2843,1866,74,5
2844,1866,181,5
2845,1866,181,5
2846,1866,181,5
2847,1867,16,5
2848,1867,254,5
2849,1868,118,5
2850,1869,74,5
2851,1870,74,5
2852,1871,74,5
2853,1872,74,5
2854,1873,74,5
2855,1873,440,5
2856,1874,74,5
2857,1875,74,5
2858,1876,74,5
2859,1877,155,5
2860,1878,74,5
2861,1879,74,5
2862,1880,74,5
2863,1881,74,5
2864,1882,151,5
2865,1882,74,5
2866,1883,74,5
2867,1883,74,5
2868,1884,74,4
2869,1885,74,5
2870,1886,74,5
2871,1886,423,5
2872,1886,423,5
2873,1886,74,5
2874,1887,178,4
2875,1887,74,4
2876,1887,74,4
2877,1887,22,4
2878,1888,74,5
2879,1889,74,5
2880,1889,254,5
2881,1890,74,3
2882,1891,73,5
2883,1891,74,5
2884,1891,73,5
2885,1891,74,5
2886,1892,74,5
2887,1893,74,5
2888,1893,74,5
2889,1894,74,5
2890,1894,299,5
2891,1894,74,5
2892,1895,74,5
2893,1896,74,5
2894,1897,74,5
2895,1897,234,5
2896,1897,58,5
2897,1898,74,5
2898,1899,75,5
2899,1900,75,5
2900,1900,75,5
2901,1901,75,3
2902,1902,75,5
2903,1902,75,4
2904,1903,4,5
2905,1903,75,5
2906,1903,4,5
2907,1904,75,5
2908,1905,75,4
2909,1906,75,5
2910,1907,75,5
2911,1908,75,5
2912,1909,75,5
2913,1909,75,5
2914,1910,75,4
2915,1911,114,5
2916,1912,75,5
2917,1912,75,5
2918,1913,75,5
2919,1914,75,5
2920,1915,75,5
2921,1915,75,5
2922,1916,75,4
2923,1917,75,5
2924,1918,321,4
2925,1919,75,5
2926,1920,75,5
2927,1921,144,3
2928,1922,331,5
2929,1923,134,5
2930,1923,122,5
2931,1924,272,5
2932,1924,71,5
2933,1924,71,5
2934,1925,155,5
2935,1926,272,4
2936,1926,241,5
2937,1927,155,5
2938,1928,168,5
2939,1929,16,5
2940,1929,155,5
2941,1929,155,5
2942,1930,118,5
2943,1930,155,5
2944,1931,16,5
2945,1931,138,5
2946,1931,155,5
2947,1931,138,5
2948,1931,155,5
2949,1932,99,5
2950,1932,76,5
2951,1933,151,4
2952,1933,12,4
2953,1934,155,5
2954,1934,155,5
2955,1935,155,5
2956,1935,95,5
2957,1936,76,5
2958,1937,77,5
2959,1937,414,5
2960,1937,77,5
2961,1937,414,5
2962,1938,77,5
2963,1938,77,5
2964,1939,77,5
2965,1940,77,5
2966,1940,181,5
2967,1941,38,5
2968,1941,270,4
2969,1942,77,5
2970,1943,137,5
2971,1944,77,5
2972,1945,77,5
2973,1946,77,5
2974,1947,77,5
2975,1948,440,5
2976,1949,36,5
2977,1950,8,4
2978,1951,38,5
2979,1951,314,5
2980,1952,346,5
2981,1952,446,5
2982,1952,346,5
2983,1953,13,5
2984,1954,18,4
2985,1955,77,5
2986,1956,29,5
2987,1956,77,5
2988,1956,80,5
2989,1956,77,5
2990,1957,77,5
2991,1958,379,5
2992,1959,217,5
2993,1960,77,5
2994,1961,77,5
2995,1962,77,5
2996,1963,78,5
2997,1964,78,5
2998,1965,78,5
2999,1966,78,5
3000,1967,78,5
3001,1967,78,5
3002,1967,71,5
3003,1968,78,5
3004,1968,11,5
3005,1969,78,5
3006,1970,78,5
3007,1971,78,5
3008,1971,78,5
3009,1971,78,5
3010,1972,267,5
3011,1973,10,5
3012,1973,78,5
3013,1974,175,4
3014,1974,175,5
3015,1974,187,5
3016,1975,454,4
3017,1976,321,5
3018,1977,2,5
3019,1978,78,5
3020,1979,150,5
3021,1980,78,5
3022,1981,78,5
3023,1982,78,5
3024,1983,238,5
3025,1984,78,5
3026,1985,224,5
3027,1986,78,5
3028,1986,78,5
3029,1987,81,5
3030,1988,78,4
3031,1988,74,4
3032,1989,78,5
3033,1990,11,5
3034,1990,78,5
3035,1991,452,5
3036,1991,78,5
3037,1992,0,5
3038,1993,79,5
3039,1993,105,5
3040,1993,226,5
3041,1994,79,5
3042,1995,79,5
3043,1996,40,5
3044,1997,79,5
3045,1998,79,5
3046,1999,79,5
3047,2000,79,5
3048,2001,79,5
3049,2001,79,5
3050,2002,79,5
3051,2002,79,5
3052,2003,79,5
3053,2004,79,5
3054,2004,79,5
3055,2005,257,5
3056,2005,79,5
3057,2005,2,5
3058,2006,79,5
3059,2007,145,5
3060,2008,79,5
3061,2009,79,5
3062,2010,79,5
3063,2011,30,5
3064,2012,79,2
3065,2013,79,5
3066,2014,342,5
3067,2015,29,5
3068,2016,79,5
3069,2017,393,5
3070,2017,257,5
3071,2017,236,5
3072,2018,53,5
3073,2018,79,5
3074,2019,79,5
3075,2019,79,5
3076,2020,90,5
3077,2020,79,4
3078,2021,51,5
3079,2022,79,2
3080,2023,79,5
3081,2023,129,5
3082,2024,79,5
3083,2025,79,5
3084,2026,79,5
3085,2027,79,5
3086,2028,79,5
3087,2029,80,5
3088,2030,38,5
3089,2031,80,5
3090,2032,38,5
3091,2032,38,5
3092,2033,80,5
3093,2034,80,4
3094,2035,38,3
3095,2036,38,5
3096,2036,38,5
3097,2037,38,5
3098,2038,80,5
3099,2039,97,5
3100,2040,38,5
3101,2041,80,5
3102,2042,80,5
3103,2043,38,5
3104,2044,80,5
3105,2045,80,4
3106,2046,80,5
3107,2047,80,5
3108,2047,97,5
3109,2048,80,5
3110,2049,80,5
3111,2049,38,5
3112,2050,38,2
3113,2051,80,5
3114,2051,80,5
3115,2052,80,5
3116,2052,183,5
3117,2052,183,5
3118,2053,38,5
3119,2054,71,5
3120,2055,80,5
3121,2056,80,4
3122,2057,38,5
3123,2058,80,4
3124,2059,80,5
3125,2059,101,5
3126,2059,101,3
3127,2060,97,5
3128,2060,38,5
3129,2061,38,5
3130,2062,38,5
3131,2063,80,1
3132,2064,81,5
3133,2065,81,5
3134,2066,81,5
3135,2067,81,5
3136,2068,242,4
3137,2068,242,5
3138,2069,81,5
3139,2069,81,5
3140,2070,81,5
3141,2070,257,5
3142,2071,81,3
3143,2072,81,5
3144,2072,81,5
3145,2073,81,5
3146,2073,81,5
3147,2074,81,5
3148,2075,81,5
3149,2076,81,5
3150,2077,81,5
3151,2078,81,5
3152,2079,81,5
3153,2079,56,5
3154,2080,81,5
3155,2080,81,5
3156,2080,81,5
3157,2080,81,5
3158,2081,81,5
3159,2082,81,5
3160,2083,97,3
3161,2083,81,5
3162,2084,81,5
3163,2084,81,4
3164,2085,175,4
3165,2086,87,5
3166,2086,87,5
3167,2087,45,5
3168,2088,81,5
3169,2089,81,5
3170,2090,81,5
3171,2091,81,5
3172,2092,81,5
3173,2093,81,5
3174,2094,81,4
3175,2095,81,5
3176,2096,12,5
3177,2097,81,5
3178,2098,81,5
3179,2099,81,2
3180,2100,81,5
3181,2101,81,5
3182,2102,81,5
3183,2103,99,5
3184,2104,97,5
3185,2105,1,3
3186,2106,87,5
3187,2107,82,5
3188,2108,150,5
3189,2108,267,5
3190,2109,82,5
3191,2110,421,5
3192,2111,345,5
3193,2112,2,5
3194,2112,43,5
3195,2113,30,5
3196,2114,71,5
3197,2115,138,5
3198,2116,189,5
3199,2116,8,5
3200,2117,174,4
3201,2117,53,5
3202,2117,145,5
3203,2118,83,5
3204,2118,347,5
3205,2119,83,5
3206,2120,83,5
3207,2121,83,5
3208,2122,83,5
3209,2122,13,5
3210,2123,19,5
3211,2123,83,5
3212,2124,83,5
3213,2125,83,5
3214,2126,83,5
3215,2127,83,5
3216,2128,83,5
3217,2129,83,5
3218,2130,83,5
3219,2130,40,5
3220,2131,83,5
3221,2132,83,5
3222,2133,83,5
3223,2134,83,5
3224,2135,83,5
3225,2136,83,5
3226,2137,13,5
3227,2138,83,5
3228,2139,83,5
3229,2140,83,5
3230,2141,83,5
3231,2141,95,5
3232,2142,83,5
3233,2143,83,4
3234,2144,83,5
3235,2145,83,5
3236,2145,40,5
3237,2146,83,5
3238,2147,83,5
3239,2147,266,5
3240,2148,83,5
3241,2148,83,5
3242,2149,83,4
3243,2149,83,5
3244,2150,83,5
3245,2151,83,5
3246,2152,83,5
3247,2153,83,5
3248,2154,83,5
3249,2155,256,5
3250,2155,14,5
3251,2155,14,5
3252,2155,14,5
3253,2155,14,5
3254,2156,14,5
3255,2156,14,5
3256,2157,83,5
3257,2158,83,5
3258,2159,83,5
3259,2160,83,5
3260,2161,83,5
3261,2162,83,5
3262,2162,40,5
3263,2163,14,4
3264,2164,83,5
3265,2165,124,5
3266,2165,83,5
3267,2166,83,5
3268,2167,83,5
3269,2168,83,5
3270,2169,83,5
3271,2169,83,5
3272,2170,83,5
3273,2171,157,5
3274,2171,157,4
3275,2172,157,5
3276,2172,43,5
3277,2173,157,5
3278,2174,85,5
3279,2174,454,5
3280,2175,85,5
3281,2176,157,4
3282,2177,430,4
3283,2177,157,5
3284,2178,85,5
3285,2179,157,5
3286,2180,157,5
3287,2181,157,5
3288,2182,157,5
3289,2183,157,5
3290,2184,157,5
3291,2185,85,5
3292,2186,157,5
3293,2186,41,5
3294,2187,157,5
3295,2188,157,5
3296,2188,143,5
3297,2188,49,5
3298,2189,157,5
3299,2190,88,5
3300,2190,157,5
3301,2191,157,5
3302,2192,85,5
3303,2193,157,5
3304,2193,218,5
3305,2193,157,5
3306,2194,85,5
3307,2194,181,5
3308,2195,157,5
3309,2196,85,5
3310,2197,85,5
3311,2198,346,5
3312,2198,157,5
3313,2199,85,5
3314,2200,157,5
3315,2201,157,5
3316,2202,157,3
3317,2202,157,5
3318,2203,85,2
3319,2204,85,5
3320,2205,85,4
3321,2206,85,5
3322,2207,85,5
3323,2208,157,5
3324,2209,178,3
3325,2209,85,3
3326,2210,157,4
3327,2211,85,5
3328,2212,421,5
3329,2213,85,4
3330,2214,178,5
3331,2214,82,5
3332,2214,86,5
3333,2214,189,5
3334,2214,178,5
3335,2215,60,5
3336,2215,87,5
3337,2216,87,5
3338,2216,106,4
3339,2217,87,4
3340,2218,87,5
3341,2219,87,5
3342,2220,87,4
3343,2221,182,5
3344,2222,87,5
3345,2223,87,5
3346,2224,87,5
3347,2225,87,5
3348,2226,87,5
3349,2227,87,5
3350,2227,158,4
3351,2227,268,5
3352,2228,421,5
3353,2229,150,4
3354,2230,87,5
3355,2231,87,5
3356,2232,267,5
3357,2233,60,5
3358,2234,256,5
3359,2234,87,4
3360,2235,87,5
3361,2236,118,5
3362,2237,87,5
3363,2238,87,5
3364,2239,87,5
3365,2240,302,5
3366,2240,87,5
3367,2241,87,5
3368,2242,87,5
3369,2243,240,5
3370,2244,87,5
3371,2245,87,5
3372,2246,87,5
3373,2247,87,5
3374,2248,87,5
3375,2248,87,5
3376,2249,87,1
3377,2250,88,5
3378,2251,88,4
3379,2252,88,5
3380,2253,88,5
3381,2254,2,5
3382,2255,13,5
3383,2256,371,4
3384,2256,13,5
3385,2256,371,4
3386,2256,13,5
3387,2257,13,5
3388,2258,13,5
3389,2259,88,5
3390,2260,13,5
3391,2261,13,5
3392,2261,31,5
3393,2261,31,5
3394,2262,88,5
3395,2263,88,5
3396,2263,41,5
3397,2263,88,5
3398,2263,41,5
3399,2264,13,5
3400,2265,88,5
3401,2266,13,4
3402,2267,13,5
3403,2268,13,5
3404,2269,89,5
3405,2270,89,3
3406,2270,45,1
3407,2271,89,5
3408,2271,61,5
3409,2272,301,5
3410,2272,89,5
3411,2272,89,5
3412,2272,195,5
3413,2273,61,4
3414,2273,89,5
3415,2274,301,5
3416,2274,89,5
3417,2275,95,5
3418,2275,89,5
3419,2276,13,5
3420,2276,89,5
3421,2277,89,4
3422,2278,85,4
3423,2279,1,5
3424,2279,160,5
3425,2279,332,5
3426,2280,301,5
3427,2281,43,5
3428,2281,31,5
3429,2282,89,4
3430,2282,42,5
3431,2283,89,5
3432,2284,89,4
3433,2284,61,4
3434,2285,2,5
3435,2286,174,5
3436,2287,89,4
3437,2287,89,5
3438,2288,174,5
3439,2289,90,5
3440,2290,90,3
3441,2291,125,5
3442,2291,90,5
3443,2292,90,5
3444,2293,90,5
3445,2294,90,5
3446,2294,122,5
3447,2294,40,5
3448,2294,122,5
3449,2295,90,5
3450,2295,46,5
3451,2296,90,5
3452,2297,297,5
3453,2297,158,5
3454,2298,90,4
3455,2298,184,5
3456,2299,334,5
3457,2300,452,5
3458,2301,4,5
3459,2301,4,5
3460,2302,90,5
3461,2302,8,5
3462,2303,90,5
3463,2303,90,5
3464,2303,90,5
3465,2304,147,5
3466,2304,90,5
3467,2304,241,4
3468,2305,19,5
3469,2305,90,5
3470,2306,90,5
3471,2306,51,5
3472,2306,13,5
3473,2307,203,5
3474,2308,90,5
3475,2308,90,5
3476,2308,90,5
3477,2309,90,5
3478,2309,294,5
3479,2309,90,5
3480,2309,294,5
3481,2309,293,5
3482,2310,90,4
3483,2310,19,4
3484,2311,90,5
3485,2312,90,5
3486,2313,90,5
3487,2313,13,5
3488,2314,90,5
3489,2315,90,5
3490,2316,90,5
3491,2317,71,5
3492,2317,93,5
3493,2317,175,5
3494,2318,93,5
3495,2319,93,5
3496,2320,93,5
3497,2321,430,5
3498,2322,93,5
3499,2323,93,4
3500,2324,93,5
3501,2325,93,5
3502,2326,93,5
3503,2327,93,5
3504,2328,93,4
3505,2329,93,5
3506,2330,149,5
3507,2330,93,5
3508,2330,93,5
3509,2331,93,5
3510,2332,95,4
3511,2333,95,4
3512,2334,95,5
3513,2335,95,4
3514,2336,95,5
3515,2337,95,5
3516,2338,95,5
3517,2338,95,5
3518,2339,95,5
3519,2340,95,5
3520,2340,30,5
3521,2340,95,5
3522,2340,30,5
3523,2341,95,5
3524,2342,232,5
3525,2342,232,5
3526,2342,95,5
3527,2342,232,5
3528,2342,232,5
3529,2343,97,5
3530,2344,95,5
3531,2345,95,5
3532,2345,95,5
3533,2345,95,5
3534,2345,95,5
3535,2345,95,5
3536,2345,95,5
3537,2346,95,5
3538,2347,95,5
3539,2348,95,5
3540,2349,95,5
3541,2350,129,5
3542,2351,95,5
3543,2352,95,5
3544,2352,118,5
3545,2353,95,5
3546,2354,95,5
3547,2354,95,5
3548,2355,95,5
3549,2355,40,4
3550,2356,125,5
3551,2356,125,4
3552,2357,95,5
3553,2357,95,5
3554,2357,95,5
3555,2358,95,5
3556,2359,95,5
3557,2359,155,5
3558,2360,15,5
3559,2360,95,5
3560,2360,10,5
3561,2360,95,5
3562,2361,95,5
3563,2361,95,5
3564,2362,95,5
3565,2363,95,5
3566,2363,95,5
3567,2364,95,5
3568,2365,95,5
3569,2366,95,5
3570,2367,95,5
3571,2368,95,5
3572,2369,114,3
3573,2370,114,5
3574,2371,114,5
3575,2372,114,4
3576,2373,114,5
3577,2373,62,5
3578,2374,96,5
3579,2374,96,5
3580,2375,114,5
3581,2375,4,5
3582,2376,114,5
3583,2377,114,5
3584,2378,114,5
3585,2378,181,5
3586,2378,181,5
3587,2379,114,5
3588,2380,114,5
3589,2381,114,5
3590,2381,114,5
3591,2382,11,5
3592,2383,96,5
3593,2384,114,5
3594,2385,114,5
3595,2385,114,5
3596,2386,114,5
3597,2387,114,5
3598,2388,114,4
3599,2389,105,5
3600,2390,114,5
3601,2391,114,5
3602,2391,114,5
3603,2391,114,5
3604,2392,97,5
3605,2392,148,4
3606,2393,97,5
3607,2393,97,5
3608,2394,97,5
3609,2395,97,5
3610,2396,97,5
3611,2397,235,5
3612,2398,97,5
3613,2399,97,5
3614,2400,97,5
3615,2400,56,4
3616,2401,97,5
3617,2401,148,5
3618,2402,97,5
3619,2403,97,5
3620,2404,97,5
3621,2405,97,5
3622,2405,97,5
3623,2406,97,5
3624,2406,145,4
3625,2407,97,5
3626,2408,97,5
3627,2408,97,5
3628,2409,226,5
3629,2409,97,5
3630,2409,226,5
3631,2409,226,5
3632,2409,97,5
3633,2410,97,5
3634,2410,284,5
3635,2411,97,5
3636,2412,97,5
3637,2413,97,5
3638,2414,145,5
3639,2415,298,5
3640,2415,92,5
3641,2416,97,5
3642,2417,97,5
3643,2417,97,5
3644,2418,97,5
3645,2419,97,5
3646,2420,32,5
3647,2421,97,5
3648,2422,97,5
3649,2423,97,5
3650,2424,97,5
3651,2425,98,5
3652,2425,183,5
3653,2426,98,5
3654,2427,98,5
3655,2428,98,4
3656,2429,98,5
3657,2429,230,5
3658,2430,98,5
3659,2431,98,5
3660,2432,98,4
3661,2432,98,5
3662,2432,371,5
3663,2433,98,3
3664,2433,98,3
3665,2434,98,5
3666,2435,98,5
3667,2435,148,5
3668,2436,181,5
3669,2437,98,5
3670,2438,98,5
3671,2438,98,5
3672,2439,98,5
3673,2439,183,5
3674,2440,46,5
3675,2441,98,3
3676,2441,175,5
3677,2442,98,4
3678,2443,277,5
3679,2443,98,5
3680,2443,277,5
3681,2443,98,5
3682,2444,98,5
3683,2445,126,5
3684,2445,98,5
3685,2446,181,5
3686,2447,99,4
3687,2447,99,4
3688,2448,99,5
3689,2448,14,5
3690,2448,14,5
3691,2449,99,5
3692,2449,116,5
3693,2450,99,5
3694,2450,109,5
3695,2450,99,5
3696,2450,109,5
3697,2450,99,5
3698,2450,99,5
3699,2450,109,5
3700,2451,99,5
3701,2452,99,4
3702,2453,99,5
3703,2454,440,5
3704,2455,99,5
3705,2456,99,5
3706,2456,99,4
3707,2457,99,5
3708,2457,12,5
3709,2458,99,5
3710,2459,99,4
3711,2460,116,5
3712,2460,99,5
3713,2460,40,5
3714,2461,99,5
3715,2462,99,5
3716,2462,182,4
3717,2463,134,5
3718,2463,134,5
3719,2464,99,5
3720,2464,181,5
3721,2465,99,5
3722,2465,99,5
3723,2465,72,5
3724,2466,99,5
3725,2467,99,5
3726,2468,99,5
3727,2469,99,5
3728,2470,99,5
3729,2471,99,4
3730,2472,10,5
3731,2472,99,5
3732,2473,99,5
3733,2474,99,5
3734,2474,42,5
3735,2475,99,5
3736,2476,99,5
3737,2477,99,5
3738,2477,99,5
3739,2477,53,5
3740,2478,99,3
3741,2478,99,5
3742,2479,100,4
3743,2480,100,5
3744,2481,100,4
3745,2482,100,1
3746,2483,100,5
3747,2484,100,5
3748,2485,100,5
3749,2486,250,5
3750,2486,250,5
3751,2487,348,4
3752,2488,100,5
3753,2489,100,5
3754,2490,100,5
3755,2491,100,5
3756,2492,100,5
3757,2492,184,5
3758,2493,100,5
3759,2494,95,5
3760,2495,342,5
3761,2495,342,5
3762,2496,272,5
3763,2496,100,4
3764,2496,440,5
3765,2497,100,5
3766,2497,221,5
3767,2498,46,5
3768,2499,100,5
3769,2500,100,4
3770,2501,101,5
3771,2502,101,3
3772,2502,53,5
3773,2502,53,5
3774,2503,101,5
3775,2504,101,5
3776,2505,101,5
3777,2505,101,5
3778,2506,430,5
3779,2506,101,5
3780,2507,101,5
3781,2508,101,5
3782,2509,101,5
3783,2510,101,5
3784,2510,101,5
3785,2511,101,5
3786,2512,101,5
3787,2513,101,5
3788,2514,101,5
3789,2514,101,5
3790,2515,101,5
3791,2516,101,5
3792,2517,101,5
3793,2518,101,5
3794,2518,101,4
3795,2519,40,4
3796,2519,101,5
3797,2519,101,5
3798,2520,101,5
3799,2520,257,5
3800,2521,101,5
3801,2521,101,5
3802,2522,101,5
3803,2523,101,5
3804,2523,101,5
3805,2524,101,5
3806,2524,88,5
3807,2525,101,5
3808,2525,124,5
3809,2526,101,5
3810,2527,101,5
3811,2528,101,4
3812,2529,118,5
3813,2530,101,5
3814,2530,101,5
3815,2531,101,5
3816,2531,88,5
3817,2532,101,5
3818,2532,181,5
3819,2532,181,5
3820,2532,257,5
3821,2533,101,5
3822,2534,101,5
3823,2535,101,5
3824,2535,181,4
3825,2536,101,5
3826,2536,181,1
3827,2536,167,4
3828,2537,101,5
3829,2537,101,5
3830,2538,101,5
3831,2538,101,4
3832,2539,40,5
3833,2540,101,5
3834,2541,101,5
3835,2541,40,5
3836,2541,40,5
3837,2542,101,5
3838,2542,181,5
3839,2543,101,5
3840,2544,101,5
3841,2545,101,5
3842,2545,181,5
3843,2546,108,5
3844,2546,101,5
3845,2546,101,5
3846,2546,108,5
3847,2547,114,4
3848,2548,114,5
3849,2549,96,4
3850,2549,13,5
3851,2549,96,5
3852,2550,72,1
3853,2550,72,1
3854,2550,114,5
3855,2551,114,4
3856,2551,114,3
3857,2552,96,4
3858,2553,114,5
3859,2554,96,1
3860,2555,126,5
3861,2555,102,5
3862,2555,102,5
3863,2555,226,5
3864,2555,175,5
3865,2556,102,4
3866,2557,102,5
3867,2558,102,3
3868,2559,102,4
3869,2559,407,5
3870,2560,407,5
3871,2560,102,5
3872,2561,102,5
3873,2562,102,5
3874,2563,102,5
3875,2563,43,5
3876,2564,102,4
3877,2565,107,5
3878,2565,107,5
3879,2566,102,4
3880,2567,102,5
3881,2568,102,3
3882,2569,102,3
3883,2570,102,4
3884,2571,103,5
3885,2572,181,5
3886,2572,29,5
3887,2572,29,5
3888,2572,103,5
3889,2573,248,4
3890,2573,103,5
3891,2574,103,5
3892,2575,103,5
3893,2575,103,5
3894,2576,103,5
3895,2577,103,5
3896,2577,103,5
3897,2578,56,5
3898,2579,56,5
3899,2580,103,5
3900,2581,103,5
3901,2582,200,4
3902,2582,4,4
3903,2582,103,5
3904,2583,103,4
3905,2583,43,5
3906,2584,103,5
3907,2585,103,5
3908,2586,103,4
3909,2586,103,4
3910,2587,46,5
3911,2587,155,5
3912,2587,103,5
3913,2588,46,5
3914,2589,421,5
3915,2590,342,4
3916,2591,149,5
3917,2592,103,5
3918,2593,122,5
3919,2593,122,5
3920,2594,104,5
3921,2595,104,5
3922,2596,104,5
3923,2597,104,3
3924,2598,104,5
3925,2599,104,5
3926,2600,104,5
3927,2601,106,5
3928,2601,106,5
3929,2602,106,5
3930,2602,106,5
3931,2603,106,5
3932,2604,106,3
3933,2605,106,5
3934,2606,60,5
3935,2606,225,5
3936,2606,106,5
3937,2607,106,5
3938,2608,60,5
3939,2608,106,5
3940,2609,193,5
3941,2609,193,5
3942,2609,108,5
3943,2610,108,4
3944,2610,38,4
3945,2611,108,5
3946,2612,108,5
3947,2613,108,5
3948,2614,108,4
3949,2614,237,5
3950,2614,240,5
3951,2615,108,5
3952,2616,108,5
3953,2617,108,4
3954,2617,108,4
3955,2618,108,4
3956,2619,267,5
3957,2620,112,5
3958,2620,108,5
3959,2621,108,5
3960,2622,108,5
3961,2623,46,5
3962,2624,108,5
3963,2625,108,5
3964,2626,108,5
3965,2626,115,5
3966,2627,155,5
3967,2628,440,4
3968,2629,108,5
3969,2630,108,5
3970,2631,2,5
3971,2631,53,5
3972,2631,144,5
3973,2632,108,5
3974,2632,108,5
3975,2633,81,5
3976,2634,43,5
3977,2635,459,5
3978,2636,109,5
3979,2637,109,5
3980,2637,109,5
3981,2638,109,5
3982,2639,247,4
3983,2639,384,4
3984,2639,115,4
3985,2639,28,4
3986,2640,109,5
3987,2641,382,5
3988,2641,109,5
3989,2642,109,5
3990,2643,109,5
3991,2644,109,5
3992,2645,109,5
3993,2646,109,5
3994,2646,109,5
3995,2647,109,5
3996,2647,75,5
3997,2647,109,5
3998,2648,109,5
3999,2649,109,4
4000,2650,109,5
4001,2651,109,5
4002,2652,109,5
4003,2652,99,5
4004,2653,26,5
4005,2653,26,5
4006,2653,26,5
4007,2654,109,5
4008,2655,109,5
4009,2656,109,5
4010,2656,109,5
4011,2657,109,5
4012,2658,109,5
4013,2658,75,5
4014,2659,26,5
4015,2659,109,5
4016,2660,109,4
4017,2661,2,5
4018,2661,109,5
4019,2662,109,5
4020,2663,109,5
4021,2664,109,4
4022,2665,109,5
4023,2666,109,5
4024,2667,99,5
4025,2667,232,5
4026,2667,232,5
4027,2667,440,5
4028,2668,109,5
4029,2669,109,5
4030,2670,109,4
4031,2671,226,5
4032,2672,71,5
4033,2672,71,5
4034,2672,71,5
4035,2673,38,5
4036,2674,64,5
4037,2675,174,5
4038,2675,299,5
4039,2675,174,5
4040,2676,119,4
4041,2677,41,5
4042,2678,53,5
4043,2679,163,4
4044,2680,329,5
4045,2681,51,5
4046,2682,284,4
4047,2683,285,5
4048,2683,285,5
4049,2684,40,5
4050,2685,112,5
4051,2685,112,5
4052,2686,112,5
4053,2686,203,5
4054,2686,118,5
4055,2686,203,5
4056,2687,112,5
4057,2688,112,4
4058,2688,112,4
4059,2689,232,5
4060,2690,112,5
4061,2691,112,5
4062,2691,112,5
4063,2692,112,4
4064,2693,78,5
4065,2693,112,5
4066,2694,112,5
4067,2695,112,4
4068,2696,112,4
4069,2696,112,4
4070,2696,63,5
4071,2696,63,5
4072,2697,4,5
4073,2698,112,5
4074,2698,43,5
4075,2699,112,5
4076,2700,112,5
4077,2701,134,5
4078,2701,112,5
4079,2702,112,4
4080,2703,112,5
4081,2704,112,5
4082,2704,112,5
4083,2705,112,5
4084,2706,114,5
4085,2706,114,5
4086,2706,114,5
4087,2707,71,5
4088,2707,114,5
4089,2708,40,5
4090,2708,114,5
4091,2709,254,5
4092,2710,114,5
4093,2711,114,4
4094,2712,114,5
4095,2713,114,4
4096,2714,114,5
4097,2714,257,5
4098,2715,114,5
4099,2716,233,5
4100,2717,115,5
4101,2718,115,5
4102,2719,247,3
4103,2719,4,4
4104,2720,377,5
4105,2721,377,5
4106,2722,377,5
4107,2723,377,5
4108,2724,115,5
4109,2725,28,5
4110,2725,377,5
4111,2725,40,5
4112,2725,377,5
4113,2726,115,5
4114,2726,376,5
4115,2727,115,5
4116,2728,115,4
4117,2729,115,5
4118,2729,377,5
4119,2730,115,5
4120,2730,51,5
4121,2731,377,5
4122,2732,376,5
4123,2733,0,5
4124,2733,0,5
4125,2734,115,5
4126,2734,115,5
4127,2735,377,3
4128,2736,377,5
4129,2737,377,5
4130,2738,115,4
4131,2739,115,5
4132,2740,377,5
4133,2741,377,5
4134,2742,115,5
4135,2743,115,5
4136,2744,115,4
4137,2745,115,5
4138,2746,115,4
4139,2747,115,5
4140,2748,115,5
4141,2749,377,5
4142,2749,75,5
4143,2750,115,5
4144,2751,115,5
4145,2752,115,5
4146,2753,115,5
4147,2754,377,5
4148,2755,115,5
4149,2756,115,5
4150,2756,115,5
4151,2757,115,5
4152,2758,224,5
4153,2759,201,5
4154,2759,201,5
4155,2760,232,5
4156,2761,225,5
4157,2761,331,5
4158,2762,201,5
4159,2763,2,5
4160,2763,201,5
4161,2764,201,5
4162,2765,224,5
4163,2766,224,5
4164,2766,101,5
4165,2767,357,5
4166,2768,201,5
4167,2768,279,5
4168,2769,224,5
4169,2770,224,5
4170,2771,224,5
4171,2772,224,5
4172,2773,224,5
4173,2774,201,5
4174,2774,218,5
4175,2775,218,4
4176,2776,118,5
4177,2776,224,2
4178,2777,193,5
4179,2777,201,5
4180,2778,224,5
4181,2779,201,5
4182,2780,201,5
4183,2781,224,5
4184,2782,224,5
4185,2783,321,5
4186,2784,118,5
4187,2784,122,3
4188,2785,118,5
4189,2785,118,5
4190,2786,118,5
4191,2786,118,5
4192,2787,118,5
4193,2788,118,5
4194,2789,118,5
4195,2790,118,5
4196,2791,118,5
4197,2791,29,5
4198,2791,118,5
4199,2791,29,5
4200,2792,118,5
4201,2792,118,4
4202,2793,118,5
4203,2794,178,5
4204,2794,118,5
4205,2795,150,5
4206,2796,85,5
4207,2796,118,4
4208,2797,141,5
4209,2797,118,5
4210,2798,118,5
4211,2799,19,5
4212,2799,19,5
4213,2800,118,5
4214,2800,118,1
4215,2800,164,5
4216,2801,118,5
4217,2801,125,5
4218,2802,118,5
4219,2803,118,4
4220,2803,95,5
4221,2803,226,3
4222,2804,118,5
4223,2804,43,5
4224,2805,118,5
4225,2806,100,4
4226,2806,34,4
4227,2807,118,5
4228,2808,118,5
4229,2809,120,5
4230,2809,120,5
4231,2810,120,5
4232,2811,120,5
4233,2812,120,5
4234,2812,120,5
4235,2813,120,5
4236,2814,120,5
4237,2815,329,4
4238,2816,120,4
4239,2817,120,5
4240,2818,19,5
4241,2818,120,5
4242,2819,120,4
4243,2820,120,5
4244,2821,120,5
4245,2822,151,5
4246,2822,151,5
4247,2822,151,5
4248,2822,151,5
4249,2823,120,5
4250,2824,120,3
4251,2825,120,5
4252,2826,120,5
4253,2827,120,5
4254,2828,120,5
4255,2829,120,5
4256,2830,120,5
4257,2831,95,5
4258,2831,120,5
4259,2832,12,5
4260,2832,120,3
4261,2833,120,5
4262,2834,120,5
4263,2835,120,5
4264,2836,120,5
4265,2836,15,5
4266,2837,120,4
4267,2838,120,5
4268,2839,120,5
4269,2840,120,5
4270,2841,120,5
4271,2841,348,4
4272,2842,120,5
4273,2843,120,5
4274,2844,38,5
4275,2844,120,5
4276,2844,437,5
4277,2844,105,5
4278,2844,45,5
4279,2845,120,5
4280,2846,120,5
4281,2847,120,5
4282,2848,120,5
4283,2848,215,5
4284,2848,120,5
4285,2849,120,5
4286,2850,120,5
4287,2850,120,5
4288,2851,120,5
4289,2851,120,5
4290,2852,346,5
4291,2852,45,5
4292,2852,13,5
4293,2852,346,5
4294,2853,178,5
4295,2854,4,5
4296,2855,122,5
4297,2856,389,5
4298,2857,167,5
4299,2858,447,5
4300,2859,122,5
4301,2859,95,5
4302,2860,122,5
4303,2860,122,5
4304,2861,2,5
4305,2862,122,5
4306,2863,122,5
4307,2864,122,5
4308,2865,122,5
4309,2866,122,5
4310,2866,122,5
4311,2867,122,5
4312,2868,122,5
4313,2869,122,4
4314,2870,123,5
4315,2871,123,5
4316,2872,160,5
4317,2872,123,5
4318,2873,123,5
4319,2874,123,5
4320,2875,123,4
4321,2876,123,5
4322,2877,123,5
4323,2877,440,5
4324,2878,123,5
4325,2879,123,5
4326,2880,123,5
4327,2880,123,5
4328,2881,123,5
4329,2882,123,5
4330,2883,123,5
4331,2884,163,5
4332,2884,123,5
4333,2885,123,5
4334,2886,123,5
4335,2886,123,4
4336,2887,123,5
4337,2887,123,5
4338,2888,123,5
4339,2889,123,3
4340,2889,34,3
4341,2890,440,4
4342,2890,2,3
4343,2890,123,4
4344,2891,123,5
4345,2891,271,5
4346,2892,123,5
4347,2893,123,5
4348,2894,123,5
4349,2895,123,5
4350,2895,123,5
4351,2896,123,5
4352,2897,123,4
4353,2898,123,5
4354,2899,13,5
4355,2899,123,5
4356,2900,124,5
4357,2901,390,5
4358,2902,124,5
4359,2903,124,5
4360,2904,124,5
4361,2905,124,5
4362,2905,124,5
4363,2906,124,5
4364,2906,167,5
4365,2907,430,5
4366,2908,124,5
4367,2909,124,5
4368,2910,167,4
4369,2910,124,4
4370,2911,124,5
4371,2912,124,5
4372,2913,124,5
4373,2913,181,5
4374,2914,124,5
4375,2914,8,5
4376,2915,124,5
4377,2916,29,4
4378,2916,124,5
4379,2917,124,5
4380,2917,124,5
4381,2918,124,5
4382,2918,43,5
4383,2919,124,5
4384,2920,124,5
4385,2921,124,5
4386,2921,13,4
4387,2922,71,5
4388,2923,124,5
4389,2923,124,5
4390,2924,45,5
4391,2924,124,5
4392,2925,13,5
4393,2925,124,4
4394,2926,124,5
4395,2927,124,5
4396,2928,124,5
4397,2929,124,5
4398,2930,124,5
4399,2930,124,5
4400,2931,124,5
4401,2931,114,5
4402,2932,124,5
4403,2932,124,5
4404,2933,216,5
4405,2933,164,5
4406,2933,216,5
4407,2933,27,5
4408,2934,124,5
4409,2934,124,5
4410,2935,126,5
4411,2936,126,4
4412,2937,254,5
4413,2937,126,5
4414,2937,254,5
4415,2937,254,5
4416,2937,15,5
4417,2937,254,4
4418,2937,15,5
4419,2938,18,3
4420,2939,126,5
4421,2940,126,5
4422,2940,147,5
4423,2940,30,5
4424,2941,126,5
4425,2941,126,5
4426,2942,126,5
4427,2943,126,5
4428,2944,126,5
4429,2944,126,5
4430,2945,123,5
4431,2945,95,5
4432,2946,126,5
4433,2947,126,4
4434,2947,73,4
4435,2948,127,5
4436,2949,127,5
4437,2950,177,5
4438,2950,127,4
4439,2950,127,5
4440,2950,177,5
4441,2951,127,5
4442,2952,127,4
4443,2953,127,5
4444,2953,43,5
4445,2954,127,5
4446,2955,127,5
4447,2956,127,5
4448,2957,127,5
4449,2958,127,5
4450,2959,127,3
4451,2959,223,4
4452,2960,127,4
4453,2961,127,4
4454,2961,216,1
4455,2962,127,5
4456,2963,127,5
4457,2964,127,5
4458,2965,127,5
4459,2966,6,3
4460,2966,127,4
4461,2966,155,4
4462,2967,127,5
4463,2968,127,5
4464,2969,52,5
4465,2970,127,4
4466,2971,127,5
4467,2972,127,5
4468,2973,155,5
4469,2973,127,5
4470,2974,34,2
4471,2974,34,3
4472,2975,223,5
4473,2976,127,5
4474,2977,127,5
4475,2978,127,5
4476,2979,127,5
4477,2980,128,5
4478,2981,30,5
4479,2982,128,2
4480,2983,128,5
4481,2984,128,5
4482,2984,128,5
4483,2985,128,4
4484,2986,128,5
4485,2986,58,5
4486,2986,58,5
4487,2986,128,5
4488,2987,40,5
4489,2987,40,5
4490,2988,128,5
4491,2988,128,5
4492,2989,128,5
4493,2990,128,3
4494,2991,128,5
4495,2992,128,5
4496,2993,58,5
4497,2993,128,5
4498,2994,58,5
4499,2994,128,5
4500,2994,27,5
4501,2995,128,5
4502,2995,128,5
4503,2996,128,5
4504,2996,58,5
4505,2997,128,5
4506,2997,181,5
4507,2997,181,5
4508,2997,128,5
4509,2997,43,5
4510,2998,128,5
4511,2998,128,5
4512,2998,100,5
4513,2998,100,5
4514,2999,58,5
4515,2999,128,5
4516,2999,239,5
4517,3000,128,5
4518,3001,128,4
4519,3001,128,4
4520,3001,128,4
4521,3001,128,4
4522,3001,128,4
4523,3001,58,4
4524,3001,58,4
4525,3001,128,4
4526,3001,128,4
4527,3002,58,5
4528,3002,128,5
4529,3002,58,5
4530,3002,128,5
4531,3003,128,5
4532,3004,58,5
4533,3004,128,5
4534,3004,58,5
4535,3004,58,5
4536,3005,128,5
4537,3005,232,3
4538,3006,125,5
4539,3007,128,4
4540,3008,128,5
4541,3009,4,5
4542,3009,128,5
4543,3010,128,5
4544,3011,11,5
4545,3012,38,2
4546,3012,13,2
4547,3012,71,2
4548,3013,128,5
4549,3014,128,5
4550,3015,58,5
4551,3015,128,5
4552,3015,58,5
4553,3016,58,5
4554,3017,58,4
4555,3017,128,4
4556,3018,128,5
4557,3019,58,5
4558,3019,128,5
4559,3020,128,5
4560,3021,128,5
4561,3021,128,5
4562,3022,128,5
4563,3023,129,5
4564,3024,129,5
4565,3025,129,5
4566,3026,129,5
4567,3027,129,5
4568,3028,129,5
4569,3029,129,5
4570,3029,103,5
4571,3030,129,5
4572,3031,29,5
4573,3032,129,4
4574,3033,129,5
4575,3034,129,5
4576,3035,129,5
4577,3036,129,5
4578,3037,129,4
4579,3038,236,5
4580,3039,129,5
4581,3039,129,5
4582,3040,129,5
4583,3041,129,5
4584,3042,125,5
4585,3043,129,4
4586,3044,129,4
4587,3045,155,5
4588,3045,129,5
4589,3046,98,5
4590,3046,129,5
4591,3047,232,4
4592,3048,42,4
4593,3049,129,5
4594,3049,129,5
4595,3049,129,5
4596,3049,129,5
4597,3049,129,5
4598,3049,129,5
4599,3049,79,5
4600,3050,129,5
4601,3050,40,5
4602,3051,129,5
4603,3052,129,5
4604,3053,129,5
4605,3054,129,4
4606,3055,107,3
4607,3056,129,5
4608,3057,107,5
4609,3058,129,5
4610,3058,97,5
4611,3059,129,5
4612,3059,154,5
4613,3060,129,5
4614,3061,129,5
4615,3062,129,5
4616,3063,29,5
4617,3063,79,5
4618,3063,129,5
4619,3064,254,5
4620,3064,129,3
4621,3065,421,5
4622,3066,129,5
4623,3067,95,5
4624,3068,129,5
4625,3069,129,2
4626,3070,129,5
4627,3071,129,3
4628,3072,129,5
4629,3073,130,5
4630,3073,130,4
4631,3074,130,5
4632,3075,130,5
4633,3075,130,5
4634,3076,130,5
4635,3077,130,4
4636,3077,130,1
4637,3078,221,5
4638,3078,221,5
4639,3078,130,5
4640,3078,221,5
4641,3079,130,5
4642,3080,221,5
4643,3080,130,5
4644,3081,130,5
4645,3082,130,5
4646,3083,221,5
4647,3083,130,5
4648,3084,130,5
4649,3085,130,5
4650,3086,130,2
4651,3087,130,5
4652,3088,130,5
4653,3088,221,5
4654,3089,130,5
4655,3090,130,5
4656,3091,130,5
4657,3092,130,5
4658,3093,130,4
4659,3094,130,5
4660,3095,130,5
4661,3096,130,5
4662,3097,130,3
4663,3098,110,5
4664,3098,130,4
4665,3099,131,5
4666,3100,133,5
4667,3101,133,5
4668,3102,14,5
4669,3102,14,5
4670,3102,14,5
4671,3103,133,5
4672,3104,133,5
4673,3104,133,5
4674,3105,133,5
4675,3106,14,5
4676,3106,14,5
4677,3107,14,5
4678,3107,133,5
4679,3108,133,5
4680,3108,133,5
4681,3108,55,5
4682,3109,14,5
4683,3109,133,5
4684,3110,133,5
4685,3111,133,4
4686,3112,133,5
4687,3112,41,5
4688,3113,133,5
4689,3114,14,5
4690,3114,14,5
4691,3115,314,5
4692,3115,133,5
4693,3116,14,5
4694,3116,14,5
4695,3116,133,5
4696,3117,14,5
4697,3117,133,5
4698,3118,133,5
4699,3119,133,5
4700,3119,17,5
4701,3120,14,5
4702,3120,133,5
4703,3121,14,5
4704,3121,133,5
4705,3121,14,5
4706,3121,133,5
4707,3122,133,5
4708,3123,133,5
4709,3124,133,5
4710,3125,14,5
4711,3125,133,5
4712,3126,133,5
4713,3126,440,5
4714,3126,133,5
4715,3126,440,5
4716,3127,133,5
4717,3128,133,5
4718,3128,133,5
4719,3129,14,5
4720,3129,14,5
4721,3129,133,5
4722,3130,61,4
4723,3131,14,5
4724,3131,133,5
4725,3132,14,5
4726,3132,133,5
4727,3133,133,5
4728,3134,14,5
4729,3134,133,5
4730,3135,14,5
4731,3135,14,5
4732,3135,133,5
4733,3136,133,5
4734,3137,14,5
4735,3137,14,5
4736,3137,133,5
4737,3137,269,5
4738,3138,14,5
4739,3138,133,5
4740,3139,14,5
4741,3139,14,5
4742,3139,133,5
4743,3140,14,5
4744,3140,14,5
4745,3140,133,5
4746,3141,14,5
4747,3141,14,5
4748,3141,133,5
4749,3142,14,5
4750,3142,14,5
4751,3142,133,5
4752,3143,14,5
4753,3143,133,5
4754,3144,14,5
4755,3144,14,5
4756,3144,133,5
4757,3145,14,5
4758,3145,14,5
4759,3145,133,5
4760,3146,14,5
4761,3146,133,5
4762,3147,14,5
4763,3147,14,5
4764,3147,14,5
4765,3147,133,5
4766,3148,14,5
4767,3148,14,5
4768,3148,133,5
4769,3149,133,5
4770,3150,14,5
4771,3150,133,5
4772,3151,133,5
4773,3152,14,5
4774,3152,14,5
4775,3152,133,5
4776,3153,14,5
4777,3153,14,5
4778,3153,133,5
4779,3154,133,5
4780,3155,14,5
4781,3155,14,5
4782,3155,133,5
4783,3156,14,5
4784,3156,133,5
4785,3157,133,5
4786,3157,133,5
4787,3158,14,5
4788,3158,14,5
4789,3158,133,5
4790,3159,14,5
4791,3159,14,5
4792,3159,133,5
4793,3160,133,5
4794,3160,133,4
4795,3161,133,5
4796,3162,14,5
4797,3162,14,5
4798,3162,133,5
4799,3163,133,5
4800,3164,14,5
4801,3164,14,5
4802,3164,133,5
4803,3165,14,5
4804,3165,14,5
4805,3165,133,5
4806,3166,14,5
4807,3166,133,5
4808,3167,14,5
4809,3167,14,5
4810,3167,133,5
4811,3168,14,5
4812,3168,14,5
4813,3168,133,5
4814,3169,14,5
4815,3169,14,5
4816,3169,345,5
4817,3169,133,5
4818,3170,133,5
4819,3171,14,5
4820,3171,14,5
4821,3171,133,5
4822,3171,269,5
4823,3172,14,5
4824,3172,14,5
4825,3172,133,5
4826,3173,134,5
4827,3173,8,5
4828,3174,134,5
4829,3174,167,5
4830,3175,134,5
4831,3176,123,5
4832,3177,134,5
4833,3178,134,5
4834,3179,134,4
4835,3180,134,5
4836,3181,134,5
4837,3182,134,5
4838,3183,118,5
4839,3183,134,5
4840,3184,134,5
4841,3185,134,5
4842,3185,144,5
4843,3186,181,3
4844,3187,134,5
4845,3188,16,5
4846,3189,71,4
4847,3190,30,5
4848,3190,81,5
4849,3191,134,5
4850,3191,90,4
4851,3192,134,5
4852,3193,87,4
4853,3194,134,5
4854,3195,56,5
4855,3196,134,5
4856,3197,272,5
4857,3198,27,5
4858,3198,134,5
4859,3198,134,5
4860,3199,134,5
4861,3200,134,5
4862,3201,8,5
4863,3202,134,5
4864,3203,147,5
4865,3203,147,5
4866,3204,134,5
4867,3204,12,5
4868,3205,55,4
4869,3206,155,5
4870,3207,170,5
4871,3207,134,5
4872,3208,134,5
4873,3209,69,5
4874,3210,135,5
4875,3211,135,5
4876,3211,224,5
4877,3212,135,5
4878,3213,135,5
4879,3214,135,5
4880,3215,135,5
4881,3216,135,5
4882,3217,167,5
4883,3217,167,5
4884,3218,277,5
4885,3219,167,5
4886,3220,167,5
4887,3221,167,2
4888,3221,49,2
4889,3222,167,5
4890,3222,167,5
4891,3223,148,4
4892,3224,327,5
4893,3225,327,5
4894,3226,327,5
4895,3227,167,5
4896,3228,167,4
4897,3229,33,3
4898,3230,254,5
4899,3231,327,5
4900,3232,167,5
4901,3233,167,5
4902,3234,11,5
4903,3235,327,5
4904,3236,215,1
4905,3237,137,5
4906,3237,137,5
4907,3238,137,4
4908,3239,137,4
4909,3240,137,4
4910,3240,124,5
4911,3241,137,5
4912,3242,137,5
4913,3243,137,5
4914,3244,116,5
4915,3244,116,5
4916,3245,137,5
4917,3246,137,5
4918,3246,137,5
4919,3247,137,5
4920,3248,137,5
4921,3248,254,5
4922,3248,254,5
4923,3248,17,5
4924,3248,254,5
4925,3249,137,4
4926,3250,137,5
4927,3251,137,5
4928,3252,137,5
4929,3252,137,5
4930,3253,137,3
4931,3254,137,5
4932,3255,137,4
4933,3256,137,5
4934,3257,137,5
4935,3258,137,5
4936,3259,137,4
4937,3259,2,4
4938,3260,137,5
4939,3260,137,4
4940,3261,137,5
4941,3262,137,5
4942,3262,2,5
4943,3262,440,5
4944,3263,137,5
4945,3264,137,5
4946,3265,137,5
4947,3266,137,4
4948,3267,137,5
4949,3268,137,5
4950,3269,137,5
4951,3270,232,4
4952,3271,99,5
4953,3271,99,5
4954,3272,137,5
4955,3273,234,5
4956,3274,4,5
4957,3274,137,5
4958,3275,137,5
4959,3276,137,5
4960,3277,137,5
4961,3278,137,4
4962,3279,137,5
4963,3280,137,5
4964,3280,116,5
4965,3281,137,5
4966,3282,454,5
4967,3283,137,5
4968,3283,65,5
4969,3283,65,5
4970,3284,2,5
4971,3285,137,5
4972,3286,137,5
4973,3287,137,5
4974,3288,137,4
4975,3288,183,5
4976,3289,137,5
4977,3290,137,5
4978,3291,137,5
4979,3291,137,5
4980,3292,137,4
4981,3293,138,5
4982,3294,138,5
4983,3295,138,5
4984,3295,138,5
4985,3296,138,5
4986,3297,138,5
4987,3297,138,5
4988,3298,138,5
4989,3298,49,4
4990,3299,97,5
4991,3300,138,5
4992,3301,138,5
4993,3302,138,3
4994,3303,28,5
4995,3304,138,5
4996,3305,138,5
4997,3306,53,3
4998,3307,279,5
4999,3308,233,5
5000,3309,187,5
5001,3309,258,4
5002,3309,51,4
5003,3310,440,5
5004,3311,27,5
5005,3311,40,5
5006,3312,356,5
5007,3313,142,5
5008,3314,142,5
5009,3315,142,5
5010,3315,160,5
5011,3316,298,5
5012,3316,143,5
5013,3316,265,5
5014,3317,143,5
5015,3317,143,5
5016,3317,143,5
5017,3318,143,5
5018,3319,143,5
5019,3319,143,5
5020,3319,143,5
5021,3320,143,3
5022,3321,30,5
5023,3321,143,2
5024,3322,143,4
5025,3323,250,5
5026,3323,40,5
5027,3323,40,5
5028,3324,143,5
5029,3324,143,5
5030,3325,143,5
5031,3326,143,4
5032,3327,143,4
5033,3327,240,5
5034,3328,33,5
5035,3328,143,3
5036,3329,143,5
5037,3330,143,5
5038,3331,143,5
5039,3332,143,5
5040,3332,240,5
5041,3332,240,5
5042,3332,143,5
5043,3333,143,5
5044,3333,143,5
5045,3334,71,5
5046,3334,143,5
5047,3335,260,5
5048,3335,147,5
5049,3335,143,5
5050,3336,143,5
5051,3336,240,5
5052,3337,143,4
5053,3338,143,2
5054,3338,143,2
5055,3338,53,4
5056,3338,392,4
5057,3338,342,5
5058,3339,154,5
5059,3339,154,5
5060,3340,143,5
5061,3341,342,5
5062,3341,342,5
5063,3341,143,1
5064,3342,143,5
5065,3343,143,4
5066,3344,143,4
5067,3345,143,5
5068,3346,240,5
5069,3346,143,5
5070,3346,29,5
5071,3347,143,5
5072,3347,240,5
5073,3348,143,5
5074,3349,143,5
5075,3350,41,5
5076,3350,260,5
5077,3350,143,5
5078,3350,143,5
5079,3351,143,5
5080,3352,180,5
5081,3352,180,5
5082,3352,180,5
5083,3352,240,5
5084,3352,143,5
5085,3353,240,5
5086,3353,143,5
5087,3354,240,5
5088,3354,143,5
5089,3355,143,5
5090,3355,143,4
5091,3356,240,5
5092,3356,143,5
5093,3357,143,5
5094,3358,143,5
5095,3358,103,5
5096,3359,143,5
5097,3359,260,5
5098,3360,254,5
5099,3360,155,5
5100,3360,254,5
5101,3360,143,4
5102,3361,144,5
5103,3361,144,5
5104,3362,144,5
5105,3363,144,5
5106,3364,144,4
5107,3364,184,5
5108,3365,144,5
5109,3365,144,4
5110,3366,144,5
5111,3367,144,5
5112,3368,151,5
5113,3369,144,4
5114,3369,258,4
5115,3370,107,5
5116,3371,107,5
5117,3372,254,5
5118,3373,144,5
5119,3374,144,4
5120,3375,144,5
5121,3376,144,5
5122,3377,144,5
5123,3377,181,3
5124,3378,144,5
5125,3379,144,5
5126,3380,97,5
5127,3381,144,5
5128,3382,2,5
5129,3383,144,5
5130,3384,144,5
5131,3385,144,4
5132,3386,144,3
5133,3386,51,5
5134,3386,51,3
5135,3387,144,5
5136,3388,145,4
5137,3389,145,5
5138,3390,145,5
5139,3390,145,5
5140,3390,145,5
5141,3391,145,5
5142,3392,145,5
5143,3393,145,5
5144,3393,53,5
5145,3394,145,5
5146,3394,145,5
5147,3395,145,5
5148,3395,73,5
5149,3396,145,5
5150,3397,145,4
5151,3398,145,5
5152,3399,251,5
5153,3400,4,5
5154,3401,145,5
5155,3401,145,5
5156,3402,145,5
5157,3403,145,5
5158,3404,145,4
5159,3405,75,5
5160,3406,145,5
5161,3406,145,5
5162,3407,145,5
5163,3407,145,5
5164,3408,145,5
5165,3409,145,4
5166,3409,53,5
5167,3410,145,5
5168,3411,145,5
5169,3411,2,4
5170,3412,145,4
5171,3413,145,5
5172,3414,145,5
5173,3414,55,5
5174,3415,30,5
5175,3415,145,5
5176,3416,124,5
5177,3417,14,5
5178,3418,285,5
5179,3418,71,5
5180,3419,145,5
5181,3420,17,5
5182,3420,145,5
5183,3421,145,5
5184,3422,55,5
5185,3422,145,5
5186,3423,145,5
5187,3424,145,5
5188,3425,145,5
5189,3426,145,5
5190,3426,272,5
5191,3427,146,5
5192,3427,63,5
5193,3428,146,5
5194,3428,19,5
5195,3428,146,5
5196,3428,146,5
5197,3429,146,4
5198,3429,146,4
5199,3430,146,3
5200,3431,247,5
5201,3431,146,5
5202,3432,146,5
5203,3433,146,4
5204,3433,146,5
5205,3434,146,5
5206,3435,146,5
5207,3435,81,5
5208,3436,146,1
5209,3437,146,5
5210,3438,146,3
5211,3439,95,5
5212,3439,40,5
5213,3440,146,4
5214,3441,146,4
5215,3442,146,5
5216,3443,146,5
5217,3444,146,5
5218,3445,146,5
5219,3446,146,5
5220,3447,146,5
5221,3448,40,5
5222,3449,378,5
5223,3449,41,5
5224,3450,146,5
5225,3451,146,5
5226,3452,12,5
5227,3453,146,5
5228,3453,342,5
5229,3454,147,5
5230,3454,147,5
5231,3455,147,5
5232,3455,147,5
5233,3456,147,4
5234,3456,147,4
5235,3456,147,4
5236,3456,147,4
5237,3456,147,4
5238,3456,147,4
5239,3456,147,4
5240,3457,23,5
5241,3457,147,5
5242,3457,147,5
5243,3457,147,5
5244,3457,23,5
5245,3457,23,5
5246,3457,23,5
5247,3458,421,5
5248,3459,147,5
5249,3460,147,5
5250,3461,440,4
5251,3462,147,5
5252,3463,147,5
5253,3463,371,5
5254,3464,147,5
5255,3464,147,5
5256,3465,147,5
5257,3466,147,5
5258,3466,260,5
5259,3467,293,5
5260,3467,293,5
5261,3467,147,5
5262,3468,147,5
5263,3468,221,5
5264,3469,147,5
5265,3470,147,5
5266,3471,30,5
5267,3471,147,5
5268,3472,260,5
5269,3472,147,5
5270,3472,147,5
5271,3472,260,5
5272,3472,260,5
5273,3472,164,5
5274,3473,147,4
5275,3474,147,5
5276,3475,147,5
5277,3475,260,5
5278,3476,147,5
5279,3477,178,5
5280,3477,147,5
5281,3478,260,5
5282,3478,147,5
5283,3479,27,5
5284,3479,164,5
5285,3479,147,5
5286,3480,260,5
5287,3480,260,5
5288,3481,147,5
5289,3482,4,5
5290,3482,147,5
5291,3483,148,4
5292,3483,87,4
5293,3484,148,5
5294,3484,447,5
5295,3485,148,4
5296,3486,148,5
5297,3487,440,5
5298,3488,148,4
5299,3489,148,4
5300,3489,148,4
5301,3490,148,5
5302,3490,148,5
5303,3490,148,5
5304,3490,116,5
5305,3491,148,5
5306,3492,148,5
5307,3493,148,5
5308,3494,148,5
5309,3495,223,4
5310,3495,148,5
5311,3495,148,4
5312,3495,372,5
5313,3495,41,5
5314,3496,148,5
5315,3497,148,5
5316,3498,148,4
5317,3499,87,5
5318,3500,148,5
5319,3501,148,5
5320,3501,148,5
5321,3502,148,5
5322,3503,148,5
5323,3503,181,5
5324,3504,148,5
5325,3505,148,5
5326,3506,148,5
5327,3507,148,4
5328,3507,213,4
5329,3507,148,4
5330,3507,213,4
5331,3508,148,5
5332,3509,148,5
5333,3510,148,3
5334,3511,148,4
5335,3512,148,5
5336,3512,148,5
5337,3513,148,5
5338,3513,37,5
5339,3513,56,5
5340,3514,88,5
5341,3514,148,5
5342,3515,371,5
5343,3515,148,5
5344,3515,148,5
5345,3515,148,5
5346,3516,148,5
5347,3517,15,5
5348,3517,148,5
5349,3518,148,4
5350,3519,148,5
5351,3520,148,5
5352,3520,55,5
5353,3521,49,5
5354,3522,148,4
5355,3523,71,5
5356,3524,148,5
5357,3524,258,3
5358,3525,178,5
5359,3526,148,5
5360,3527,148,5
5361,3528,148,5
5362,3528,148,5
5363,3529,148,5
5364,3530,148,4
5365,3531,148,5
5366,3532,148,4
5367,3533,148,5
5368,3534,148,5
5369,3534,148,5
5370,3535,148,5
5371,3535,71,5
5372,3536,148,5
5373,3537,148,5
5374,3538,148,5
5375,3539,148,5
5376,3540,37,5
5377,3540,148,5
5378,3540,37,5
5379,3540,148,5
5380,3541,149,5
5381,3541,430,5
5382,3542,149,5
5383,3542,149,5
5384,3543,149,5
5385,3543,149,5
5386,3544,29,5
5387,3545,149,5
5388,3546,12,5
5389,3547,30,5
5390,3547,13,5
5391,3548,254,4
5392,3549,8,5
5393,3549,124,5
5394,3550,149,5
5395,3551,149,5
5396,3552,401,4
5397,3553,4,5
5398,3554,149,4
5399,3555,149,3
5400,3556,103,3
5401,3557,8,5
5402,3558,440,5
5403,3559,150,5
5404,3559,269,5
5405,3560,150,5
5406,3561,150,4
5407,3562,281,5
5408,3562,150,5
5409,3563,150,5
5410,3564,150,5
5411,3565,150,5
5412,3566,150,5
5413,3567,150,5
5414,3568,150,5
5415,3568,150,5
5416,3569,150,5
5417,3569,4,5
5418,3570,150,5
5419,3571,150,5
5420,3572,150,4
5421,3573,150,5
5422,3574,150,5
5423,3575,150,5
